22:18:01.104 [39mDEBUG[0;39m [32m[JavaFX Appli][0;39m [33m                            (Simplelauncher.kt:62)[0;39m >> database prepared
22:18:01.546 [34mINFO [0;39m [32m[JavaFX Appli][0;39m [33m                                     (Main.kt:731)[0;39m DESC_EDITOR_WIDTH hide.start captured=400.0 stored=400.0 ignore=false stage=510.0 pane=0.0 desc=0.0 table=0.0 dividerWidth=0.0 items=2 divider=0.6
22:18:01.547 [34mINFO [0;39m [32m[JavaFX Appli][0;39m [33m                                     (Main.kt:731)[0;39m DESC_EDITOR_WIDTH hide.afterRemove stored=400.0 ignore=true stage=510.0 pane=0.0 desc=0.0 table=0.0 dividerWidth=0.0 items=1 divider=
22:18:01.577 [34mINFO [0;39m [32m[JavaFX Appli][0;39m [33m                                     (Main.kt:731)[0;39m DESC_EDITOR_WIDTH hide.done stored=400.0 ignore=false stage=510.0 pane=0.0 desc=0.0 table=0.0 dividerWidth=0.0 items=1 divider=
23:02:28.582 [39mDEBUG[0;39m [32m[JavaFX Appli][0;39m [33m                             (LinkExecutor.kt:281)[0;39m - command: d:\project\py-utils\dist\comics-file-flatter.exe "G:\work\_tmp\블루 우르수스"
23:05:10.503 [39mDEBUG[0;39m [32m[JavaFX Appli][0;39m [33m                             (LinkExecutor.kt:249)[0;39m - command: D:/app/SimpleLauncherApp/comics-loader/comics-loader.exe
23:14:17.371 [39mDEBUG[0;39m [32m[JavaFX Appli][0;39m [33m                             (LinkExecutor.kt:249)[0;39m - command: D:/project/py-utils/dist/game-renamer.exe "G:\work\_tmp\STAR.OCEAN.THE.SECOND.STORY.R.v1.10"
23:19:54.691 [39mDEBUG[0;39m [32m[JavaFX Appli][0;39m [33m                             (LinkExecutor.kt:249)[0;39m - command: D:/project/py-utils/dist/game-renamer.exe "G:\work\_tmp\STAR.OCEAN.THE.SECOND.STORY.R.v1.10"
23:20:15.431 [39mDEBUG[0;39m [32m[JavaFX Appli][0;39m [33m                             (LinkExecutor.kt:249)[0;39m - command: D:/project/py-utils/dist/game-renamer.exe "G:\work\_tmp\The.Hundred.Line.Last.Defense.Academy.v1.1.0"
23:20:26.393 [39mDEBUG[0;39m [32m[JavaFX Appli][0;39m [33m                             (LinkExecutor.kt:249)[0;39m - command: D:/project/py-utils/dist/game-renamer.exe "G:\work\_tmp\The.Hundred.Line.Last.Defense.Academy.v1.1.0"
23:23:39.436 [34mINFO [0;39m [32m[JavaFX Appli][0;39m [33m                                     (Main.kt:731)[0;39m DESC_EDITOR_WIDTH show.start targetEditor=400.0 targetPane=884.0 stored=400.0 ignore=false stage=510.0 pane=484.0 desc=0.0 table=482.0 dividerWidth=2.0 items=1 divider=
23:23:39.440 [34mINFO [0;39m [32m[JavaFX Appli][0;39m [33m                                     (Main.kt:731)[0;39m DESC_EDITOR_WIDTH show.afterAdd stored=400.0 ignore=true stage=910.0 pane=484.0 desc=0.0 table=482.0 dividerWidth=0.0 items=2 divider=0.5
23:23:39.480 [34mINFO [0;39m [32m[JavaFX Appli][0;39m [33m                                     (Main.kt:731)[0;39m DESC_EDITOR_WIDTH widthListener.ignored stored=400.0 ignore=true stage=910.0 pane=884.0 desc=400.0 table=276.0 dividerWidth=6.0 items=2 divider=0.3163265306122449
23:23:39.498 [34mINFO [0;39m [32m[JavaFX Appli][0;39m [33m                                     (Main.kt:731)[0;39m DESC_EDITOR_WIDTH restore.readyCheck ready=true force=false targetEditor=400.0 targetPane=884.0 stored=400.0 ignore=true stage=910.0 pane=884.0 desc=400.0 table=476.0 dividerWidth=6.0 items=2 divider=0.5430839002267573
23:23:39.499 [34mINFO [0;39m [32m[JavaFX Appli][0;39m [33m                                     (Main.kt:731)[0;39m DESC_EDITOR_WIDTH restore.apply target=400.0 divider=0.5407239819004525 stored=400.0 ignore=true stage=910.0 pane=884.0 desc=400.0 table=476.0 dividerWidth=6.0 items=2 divider=0.5430839002267573
23:23:39.595 [34mINFO [0;39m [32m[JavaFX Appli][0;39m [33m                                     (Main.kt:731)[0;39m DESC_EDITOR_WIDTH restore.done target=400.0 stored=400.0 ignore=false stage=910.0 pane=884.0 desc=400.0 table=476.0 dividerWidth=6.0 items=2 divider=0.5430839002267573
23:23:42.528 [34mINFO [0;39m [32m[JavaFX Appli][0;39m [33m                                     (Main.kt:731)[0;39m DESC_EDITOR_WIDTH widthListener.saved stored=401.0 ignore=false stage=912.0 pane=886.0 desc=401.0 table=477.0 dividerWidth=6.0 items=2 divider=0.5429864253393665
23:23:42.537 [34mINFO [0;39m [32m[JavaFX Appli][0;39m [33m                                     (Main.kt:731)[0;39m DESC_EDITOR_WIDTH widthListener.saved stored=402.0 ignore=false stage=914.0 pane=888.0 desc=402.0 table=478.0 dividerWidth=6.0 items=2 divider=0.5428893905191874
23:23:42.546 [34mINFO [0;39m [32m[JavaFX Appli][0;39m [33m                                     (Main.kt:731)[0;39m DESC_EDITOR_WIDTH widthListener.saved stored=403.0 ignore=false stage=916.0 pane=890.0 desc=403.0 table=479.0 dividerWidth=6.0 items=2 divider=0.5427927927927928
23:23:42.557 [34mINFO [0;39m [32m[JavaFX Appli][0;39m [33m                                     (Main.kt:731)[0;39m DESC_EDITOR_WIDTH widthListener.saved stored=405.0 ignore=false stage=920.0 pane=894.0 desc=405.0 table=481.0 dividerWidth=6.0 items=2 divider=0.5426008968609866
23:23:42.570 [34mINFO [0;39m [32m[JavaFX Appli][0;39m [33m                                     (Main.kt:731)[0;39m DESC_EDITOR_WIDTH widthListener.saved stored=408.0 ignore=false stage=925.0 pane=899.0 desc=408.0 table=483.0 dividerWidth=6.0 items=2 divider=0.5418060200668896
23:23:42.586 [34mINFO [0;39m [32m[JavaFX Appli][0;39m [33m                                     (Main.kt:731)[0;39m DESC_EDITOR_WIDTH widthListener.saved stored=411.0 ignore=false stage=931.0 pane=905.0 desc=411.0 table=486.0 dividerWidth=6.0 items=2 divider=0.5415282392026578
23:23:42.601 [34mINFO [0;39m [32m[JavaFX Appli][0;39m [33m                                     (Main.kt:731)[0;39m DESC_EDITOR_WIDTH widthListener.saved stored=414.0 ignore=false stage=938.0 pane=912.0 desc=414.0 table=490.0 dividerWidth=6.0 items=2 divider=0.5417582417582417
23:23:42.614 [34mINFO [0;39m [32m[JavaFX Appli][0;39m [33m                                     (Main.kt:731)[0;39m DESC_EDITOR_WIDTH widthListener.saved stored=417.0 ignore=false stage=944.0 pane=918.0 desc=417.0 table=493.0 dividerWidth=6.0 items=2 divider=0.5414847161572053
23:23:42.629 [34mINFO [0;39m [32m[JavaFX Appli][0;39m [33m                                     (Main.kt:731)[0;39m DESC_EDITOR_WIDTH widthListener.saved stored=418.0 ignore=false stage=946.0 pane=920.0 desc=418.0 table=494.0 dividerWidth=6.0 items=2 divider=0.5413943355119826
23:23:42.645 [34mINFO [0;39m [32m[JavaFX Appli][0;39m [33m                                     (Main.kt:731)[0;39m DESC_EDITOR_WIDTH widthListener.saved stored=421.0 ignore=false stage=951.0 pane=925.0 desc=421.0 table=496.0 dividerWidth=6.0 items=2 divider=0.5406283856988082
23:23:42.660 [34mINFO [0;39m [32m[JavaFX Appli][0;39m [33m                                     (Main.kt:731)[0;39m DESC_EDITOR_WIDTH widthListener.saved stored=422.0 ignore=false stage=954.0 pane=928.0 desc=422.0 table=498.0 dividerWidth=6.0 items=2 divider=0.541036717062635
23:23:42.677 [34mINFO [0;39m [32m[JavaFX Appli][0;39m [33m                                     (Main.kt:731)[0;39m DESC_EDITOR_WIDTH widthListener.saved stored=423.0 ignore=false stage=956.0 pane=930.0 desc=423.0 table=499.0 dividerWidth=6.0 items=2 divider=0.540948275862069
23:23:42.693 [34mINFO [0;39m [32m[JavaFX Appli][0;39m [33m                                     (Main.kt:731)[0;39m DESC_EDITOR_WIDTH widthListener.saved stored=424.0 ignore=false stage=958.0 pane=932.0 desc=424.0 table=500.0 dividerWidth=6.0 items=2 divider=0.5408602150537635
23:23:42.709 [34mINFO [0;39m [32m[JavaFX Appli][0;39m [33m                                     (Main.kt:731)[0;39m DESC_EDITOR_WIDTH widthListener.saved stored=425.0 ignore=false stage=959.0 pane=933.0 desc=425.0 table=500.0 dividerWidth=6.0 items=2 divider=0.5402792696025779
23:23:42.726 [34mINFO [0;39m [32m[JavaFX Appli][0;39m [33m                                     (Main.kt:731)[0;39m DESC_EDITOR_WIDTH widthListener.saved stored=426.0 ignore=false stage=961.0 pane=935.0 desc=426.0 table=501.0 dividerWidth=6.0 items=2 divider=0.5401929260450161
23:23:42.744 [34mINFO [0;39m [32m[JavaFX Appli][0;39m [33m                                     (Main.kt:731)[0;39m DESC_EDITOR_WIDTH widthListener.saved stored=427.0 ignore=false stage=963.0 pane=937.0 desc=427.0 table=502.0 dividerWidth=6.0 items=2 divider=0.5401069518716578
23:23:42.760 [34mINFO [0;39m [32m[JavaFX Appli][0;39m [33m                                     (Main.kt:731)[0;39m DESC_EDITOR_WIDTH widthListener.saved stored=428.0 ignore=false stage=965.0 pane=939.0 desc=428.0 table=503.0 dividerWidth=6.0 items=2 divider=0.5400213447171825
23:23:42.778 [34mINFO [0;39m [32m[JavaFX Appli][0;39m [33m                                     (Main.kt:731)[0;39m DESC_EDITOR_WIDTH widthListener.saved stored=429.0 ignore=false stage=968.0 pane=942.0 desc=429.0 table=505.0 dividerWidth=6.0 items=2 divider=0.5404255319148936
23:23:42.792 [34mINFO [0;39m [32m[JavaFX Appli][0;39m [33m                                     (Main.kt:731)[0;39m DESC_EDITOR_WIDTH widthListener.saved stored=431.0 ignore=false stage=972.0 pane=946.0 desc=431.0 table=507.0 dividerWidth=6.0 items=2 divider=0.5402542372881356
23:23:42.810 [34mINFO [0;39m [32m[JavaFX Appli][0;39m [33m                                     (Main.kt:731)[0;39m DESC_EDITOR_WIDTH widthListener.saved stored=434.0 ignore=false stage=977.0 pane=951.0 desc=434.0 table=509.0 dividerWidth=6.0 items=2 divider=0.5395152792413066
23:23:42.828 [34mINFO [0;39m [32m[JavaFX Appli][0;39m [33m                                     (Main.kt:731)[0;39m DESC_EDITOR_WIDTH widthListener.saved stored=435.0 ignore=false stage=980.0 pane=954.0 desc=435.0 table=511.0 dividerWidth=6.0 items=2 divider=0.5399159663865546
23:23:42.846 [34mINFO [0;39m [32m[JavaFX Appli][0;39m [33m                                     (Main.kt:731)[0;39m DESC_EDITOR_WIDTH widthListener.saved stored=436.0 ignore=false stage=982.0 pane=956.0 desc=436.0 table=512.0 dividerWidth=6.0 items=2 divider=0.539832285115304
23:23:42.861 [34mINFO [0;39m [32m[JavaFX Appli][0;39m [33m                                     (Main.kt:731)[0;39m DESC_EDITOR_WIDTH widthListener.saved stored=437.0 ignore=false stage=984.0 pane=958.0 desc=437.0 table=513.0 dividerWidth=6.0 items=2 divider=0.5397489539748954
23:23:42.923 [34mINFO [0;39m [32m[JavaFX Appli][0;39m [33m                                     (Main.kt:731)[0;39m DESC_EDITOR_WIDTH widthListener.saved stored=436.0 ignore=false stage=982.0 pane=956.0 desc=436.0 table=512.0 dividerWidth=6.0 items=2 divider=0.539832285115304
23:23:44.716 [34mINFO [0;39m [32m[JavaFX Appli][0;39m [33m                                     (Main.kt:731)[0;39m DESC_EDITOR_WIDTH widthListener.saved stored=434.0 ignore=false stage=982.0 pane=956.0 desc=434.0 table=514.0 dividerWidth=6.0 items=2 divider=0.5419287211740041
23:23:44.731 [34mINFO [0;39m [32m[JavaFX Appli][0;39m [33m                                     (Main.kt:731)[0;39m DESC_EDITOR_WIDTH widthListener.saved stored=433.0 ignore=false stage=982.0 pane=956.0 desc=433.0 table=515.0 dividerWidth=6.0 items=2 divider=0.5429769392033543
23:23:44.738 [34mINFO [0;39m [32m[JavaFX Appli][0;39m [33m                                     (Main.kt:731)[0;39m DESC_EDITOR_WIDTH widthListener.saved stored=431.0 ignore=false stage=982.0 pane=956.0 desc=431.0 table=517.0 dividerWidth=6.0 items=2 divider=0.5450733752620545
23:23:44.748 [34mINFO [0;39m [32m[JavaFX Appli][0;39m [33m                                     (Main.kt:731)[0;39m DESC_EDITOR_WIDTH widthListener.saved stored=423.0 ignore=false stage=982.0 pane=956.0 desc=423.0 table=525.0 dividerWidth=6.0 items=2 divider=0.5534591194968553
23:23:44.764 [34mINFO [0;39m [32m[JavaFX Appli][0;39m [33m                                     (Main.kt:731)[0;39m DESC_EDITOR_WIDTH widthListener.saved stored=396.0 ignore=false stage=982.0 pane=956.0 desc=396.0 table=552.0 dividerWidth=6.0 items=2 divider=0.5817610062893082
23:23:44.780 [34mINFO [0;39m [32m[JavaFX Appli][0;39m [33m                                     (Main.kt:731)[0;39m DESC_EDITOR_WIDTH widthListener.saved stored=374.0 ignore=false stage=982.0 pane=956.0 desc=374.0 table=574.0 dividerWidth=6.0 items=2 divider=0.6048218029350105
23:23:44.796 [34mINFO [0;39m [32m[JavaFX Appli][0;39m [33m                                     (Main.kt:731)[0;39m DESC_EDITOR_WIDTH widthListener.saved stored=344.0 ignore=false stage=982.0 pane=956.0 desc=344.0 table=604.0 dividerWidth=6.0 items=2 divider=0.6362683438155137
23:23:44.812 [34mINFO [0;39m [32m[JavaFX Appli][0;39m [33m                                     (Main.kt:731)[0;39m DESC_EDITOR_WIDTH widthListener.saved stored=305.0 ignore=false stage=982.0 pane=956.0 desc=305.0 table=643.0 dividerWidth=6.0 items=2 divider=0.6771488469601677
23:23:44.829 [34mINFO [0;39m [32m[JavaFX Appli][0;39m [33m                                     (Main.kt:731)[0;39m DESC_EDITOR_WIDTH widthListener.saved stored=300.0 ignore=false stage=982.0 pane=956.0 desc=300.0 table=648.0 dividerWidth=6.0 items=2 divider=0.6823899371069182
23:23:45.404 [34mINFO [0;39m [32m[JavaFX Appli][0;39m [33m                                     (Main.kt:731)[0;39m DESC_EDITOR_WIDTH widthListener.saved stored=322.0 ignore=false stage=982.0 pane=956.0 desc=322.0 table=626.0 dividerWidth=6.0 items=2 divider=0.6593291404612159
23:23:45.408 [34mINFO [0;39m [32m[JavaFX Appli][0;39m [33m                                     (Main.kt:731)[0;39m DESC_EDITOR_WIDTH widthListener.saved stored=336.0 ignore=false stage=982.0 pane=956.0 desc=336.0 table=612.0 dividerWidth=6.0 items=2 divider=0.6446540880503144
23:23:45.420 [34mINFO [0;39m [32m[JavaFX Appli][0;39m [33m                                     (Main.kt:731)[0;39m DESC_EDITOR_WIDTH widthListener.saved stored=350.0 ignore=false stage=982.0 pane=956.0 desc=350.0 table=598.0 dividerWidth=6.0 items=2 divider=0.629979035639413
23:23:45.437 [34mINFO [0;39m [32m[JavaFX Appli][0;39m [33m                                     (Main.kt:731)[0;39m DESC_EDITOR_WIDTH widthListener.saved stored=372.0 ignore=false stage=982.0 pane=956.0 desc=372.0 table=576.0 dividerWidth=6.0 items=2 divider=0.6069182389937107
23:23:45.451 [34mINFO [0;39m [32m[JavaFX Appli][0;39m [33m                                     (Main.kt:731)[0;39m DESC_EDITOR_WIDTH widthListener.saved stored=402.0 ignore=false stage=982.0 pane=956.0 desc=402.0 table=546.0 dividerWidth=6.0 items=2 divider=0.5754716981132075
23:23:45.467 [34mINFO [0;39m [32m[JavaFX Appli][0;39m [33m                                     (Main.kt:731)[0;39m DESC_EDITOR_WIDTH widthListener.saved stored=421.0 ignore=false stage=982.0 pane=956.0 desc=421.0 table=527.0 dividerWidth=6.0 items=2 divider=0.5555555555555556
23:23:45.484 [34mINFO [0;39m [32m[JavaFX Appli][0;39m [33m                                     (Main.kt:731)[0;39m DESC_EDITOR_WIDTH widthListener.saved stored=440.0 ignore=false stage=982.0 pane=956.0 desc=440.0 table=508.0 dividerWidth=6.0 items=2 divider=0.5356394129979035
23:23:45.500 [34mINFO [0;39m [32m[JavaFX Appli][0;39m [33m                                     (Main.kt:731)[0;39m DESC_EDITOR_WIDTH widthListener.saved stored=456.0 ignore=false stage=982.0 pane=956.0 desc=456.0 table=492.0 dividerWidth=6.0 items=2 divider=0.5188679245283019
23:23:45.516 [34mINFO [0;39m [32m[JavaFX Appli][0;39m [33m                                     (Main.kt:731)[0;39m DESC_EDITOR_WIDTH widthListener.saved stored=465.0 ignore=false stage=982.0 pane=956.0 desc=465.0 table=483.0 dividerWidth=6.0 items=2 divider=0.5094339622641509
23:23:45.531 [34mINFO [0;39m [32m[JavaFX Appli][0;39m [33m                                     (Main.kt:731)[0;39m DESC_EDITOR_WIDTH widthListener.saved stored=471.0 ignore=false stage=982.0 pane=956.0 desc=471.0 table=477.0 dividerWidth=6.0 items=2 divider=0.5031446540880503
23:23:45.547 [34mINFO [0;39m [32m[JavaFX Appli][0;39m [33m                                     (Main.kt:731)[0;39m DESC_EDITOR_WIDTH widthListener.saved stored=474.0 ignore=false stage=982.0 pane=956.0 desc=474.0 table=474.0 dividerWidth=6.0 items=2 divider=0.5
23:23:45.564 [34mINFO [0;39m [32m[JavaFX Appli][0;39m [33m                                     (Main.kt:731)[0;39m DESC_EDITOR_WIDTH widthListener.saved stored=477.0 ignore=false stage=982.0 pane=956.0 desc=477.0 table=471.0 dividerWidth=6.0 items=2 divider=0.4968553459119497
23:23:45.580 [34mINFO [0;39m [32m[JavaFX Appli][0;39m [33m                                     (Main.kt:731)[0;39m DESC_EDITOR_WIDTH widthListener.saved stored=485.0 ignore=false stage=982.0 pane=956.0 desc=485.0 table=463.0 dividerWidth=6.0 items=2 divider=0.48846960167714887
23:23:45.596 [34mINFO [0;39m [32m[JavaFX Appli][0;39m [33m                                     (Main.kt:731)[0;39m DESC_EDITOR_WIDTH widthListener.saved stored=503.0 ignore=false stage=982.0 pane=956.0 desc=503.0 table=445.0 dividerWidth=6.0 items=2 divider=0.469601677148847
23:23:45.611 [34mINFO [0;39m [32m[JavaFX Appli][0;39m [33m                                     (Main.kt:731)[0;39m DESC_EDITOR_WIDTH widthListener.saved stored=526.0 ignore=false stage=982.0 pane=956.0 desc=526.0 table=422.0 dividerWidth=6.0 items=2 divider=0.44549266247379454
23:23:45.627 [34mINFO [0;39m [32m[JavaFX Appli][0;39m [33m                                     (Main.kt:731)[0;39m DESC_EDITOR_WIDTH widthListener.saved stored=543.0 ignore=false stage=982.0 pane=956.0 desc=543.0 table=405.0 dividerWidth=6.0 items=2 divider=0.4276729559748428
23:23:45.644 [34mINFO [0;39m [32m[JavaFX Appli][0;39m [33m                                     (Main.kt:731)[0;39m DESC_EDITOR_WIDTH widthListener.saved stored=568.0 ignore=false stage=982.0 pane=956.0 desc=568.0 table=380.0 dividerWidth=6.0 items=2 divider=0.40146750524109015
23:23:45.660 [34mINFO [0;39m [32m[JavaFX Appli][0;39m [33m                                     (Main.kt:731)[0;39m DESC_EDITOR_WIDTH widthListener.saved stored=580.0 ignore=false stage=982.0 pane=956.0 desc=580.0 table=368.0 dividerWidth=6.0 items=2 divider=0.3888888888888889
23:23:45.676 [34mINFO [0;39m [32m[JavaFX Appli][0;39m [33m                                     (Main.kt:731)[0;39m DESC_EDITOR_WIDTH widthListener.saved stored=591.0 ignore=false stage=982.0 pane=956.0 desc=591.0 table=357.0 dividerWidth=6.0 items=2 divider=0.37735849056603776
23:23:45.691 [34mINFO [0;39m [32m[JavaFX Appli][0;39m [33m                                     (Main.kt:731)[0;39m DESC_EDITOR_WIDTH widthListener.saved stored=604.0 ignore=false stage=982.0 pane=956.0 desc=604.0 table=344.0 dividerWidth=6.0 items=2 divider=0.3637316561844864
23:23:45.707 [34mINFO [0;39m [32m[JavaFX Appli][0;39m [33m                                     (Main.kt:731)[0;39m DESC_EDITOR_WIDTH widthListener.saved stored=617.0 ignore=false stage=982.0 pane=956.0 desc=617.0 table=331.0 dividerWidth=6.0 items=2 divider=0.350104821802935
23:23:45.724 [34mINFO [0;39m [32m[JavaFX Appli][0;39m [33m                                     (Main.kt:731)[0;39m DESC_EDITOR_WIDTH widthListener.saved stored=625.0 ignore=false stage=982.0 pane=956.0 desc=625.0 table=323.0 dividerWidth=6.0 items=2 divider=0.3417190775681342
23:23:45.740 [34mINFO [0;39m [32m[JavaFX Appli][0;39m [33m                                     (Main.kt:731)[0;39m DESC_EDITOR_WIDTH widthListener.saved stored=630.0 ignore=false stage=982.0 pane=956.0 desc=630.0 table=318.0 dividerWidth=6.0 items=2 divider=0.33647798742138363
23:23:45.772 [34mINFO [0;39m [32m[JavaFX Appli][0;39m [33m                                     (Main.kt:731)[0;39m DESC_EDITOR_WIDTH widthListener.saved stored=631.0 ignore=false stage=982.0 pane=956.0 desc=631.0 table=317.0 dividerWidth=6.0 items=2 divider=0.33542976939203356
23:23:45.867 [34mINFO [0;39m [32m[JavaFX Appli][0;39m [33m                                     (Main.kt:731)[0;39m DESC_EDITOR_WIDTH widthListener.saved stored=633.0 ignore=false stage=982.0 pane=956.0 desc=633.0 table=315.0 dividerWidth=6.0 items=2 divider=0.3333333333333333
23:23:45.884 [34mINFO [0;39m [32m[JavaFX Appli][0;39m [33m                                     (Main.kt:731)[0;39m DESC_EDITOR_WIDTH widthListener.saved stored=638.0 ignore=false stage=982.0 pane=956.0 desc=638.0 table=310.0 dividerWidth=6.0 items=2 divider=0.3280922431865828
23:23:45.899 [34mINFO [0;39m [32m[JavaFX Appli][0;39m [33m                                     (Main.kt:731)[0;39m DESC_EDITOR_WIDTH widthListener.saved stored=642.0 ignore=false stage=982.0 pane=956.0 desc=642.0 table=306.0 dividerWidth=6.0 items=2 divider=0.3238993710691824
23:23:45.905 [34mINFO [0;39m [32m[JavaFX Appli][0;39m [33m                                     (Main.kt:731)[0;39m DESC_EDITOR_WIDTH widthListener.saved stored=643.0 ignore=false stage=982.0 pane=956.0 desc=643.0 table=305.0 dividerWidth=6.0 items=2 divider=0.3228511530398323
23:23:45.922 [34mINFO [0;39m [32m[JavaFX Appli][0;39m [33m                                     (Main.kt:731)[0;39m DESC_EDITOR_WIDTH widthListener.saved stored=644.0 ignore=false stage=982.0 pane=956.0 desc=644.0 table=304.0 dividerWidth=6.0 items=2 divider=0.3218029350104822
23:23:46.220 [34mINFO [0;39m [32m[JavaFX Appli][0;39m [33m                                     (Main.kt:731)[0;39m DESC_EDITOR_WIDTH widthListener.saved stored=643.0 ignore=false stage=982.0 pane=956.0 desc=643.0 table=305.0 dividerWidth=6.0 items=2 divider=0.3228511530398323
23:23:46.224 [34mINFO [0;39m [32m[JavaFX Appli][0;39m [33m                                     (Main.kt:731)[0;39m DESC_EDITOR_WIDTH widthListener.saved stored=638.0 ignore=false stage=982.0 pane=956.0 desc=638.0 table=310.0 dividerWidth=6.0 items=2 divider=0.3280922431865828
23:23:46.235 [34mINFO [0;39m [32m[JavaFX Appli][0;39m [33m                                     (Main.kt:731)[0;39m DESC_EDITOR_WIDTH widthListener.saved stored=631.0 ignore=false stage=982.0 pane=956.0 desc=631.0 table=317.0 dividerWidth=6.0 items=2 divider=0.33542976939203356
23:23:46.252 [34mINFO [0;39m [32m[JavaFX Appli][0;39m [33m                                     (Main.kt:731)[0;39m DESC_EDITOR_WIDTH widthListener.saved stored=617.0 ignore=false stage=982.0 pane=956.0 desc=617.0 table=331.0 dividerWidth=6.0 items=2 divider=0.350104821802935
23:23:46.267 [34mINFO [0;39m [32m[JavaFX Appli][0;39m [33m                                     (Main.kt:731)[0;39m DESC_EDITOR_WIDTH widthListener.saved stored=577.0 ignore=false stage=982.0 pane=956.0 desc=577.0 table=371.0 dividerWidth=6.0 items=2 divider=0.3920335429769392
23:23:46.285 [34mINFO [0;39m [32m[JavaFX Appli][0;39m [33m                                     (Main.kt:731)[0;39m DESC_EDITOR_WIDTH widthListener.saved stored=544.0 ignore=false stage=982.0 pane=956.0 desc=544.0 table=404.0 dividerWidth=6.0 items=2 divider=0.42662473794549266
23:23:46.301 [34mINFO [0;39m [32m[JavaFX Appli][0;39m [33m                                     (Main.kt:731)[0;39m DESC_EDITOR_WIDTH widthListener.saved stored=514.0 ignore=false stage=982.0 pane=956.0 desc=514.0 table=434.0 dividerWidth=6.0 items=2 divider=0.4580712788259958
23:23:46.315 [34mINFO [0;39m [32m[JavaFX Appli][0;39m [33m                                     (Main.kt:731)[0;39m DESC_EDITOR_WIDTH widthListener.saved stored=483.0 ignore=false stage=982.0 pane=956.0 desc=483.0 table=465.0 dividerWidth=6.0 items=2 divider=0.49056603773584906
23:23:46.332 [34mINFO [0;39m [32m[JavaFX Appli][0;39m [33m                                     (Main.kt:731)[0;39m DESC_EDITOR_WIDTH widthListener.saved stored=449.0 ignore=false stage=982.0 pane=956.0 desc=449.0 table=499.0 dividerWidth=6.0 items=2 divider=0.5262054507337526
23:23:46.347 [34mINFO [0;39m [32m[JavaFX Appli][0;39m [33m                                     (Main.kt:731)[0;39m DESC_EDITOR_WIDTH widthListener.saved stored=422.0 ignore=false stage=982.0 pane=956.0 desc=422.0 table=526.0 dividerWidth=6.0 items=2 divider=0.5545073375262054
23:23:46.364 [34mINFO [0;39m [32m[JavaFX Appli][0;39m [33m                                     (Main.kt:731)[0;39m DESC_EDITOR_WIDTH widthListener.saved stored=399.0 ignore=false stage=982.0 pane=956.0 desc=399.0 table=549.0 dividerWidth=6.0 items=2 divider=0.5786163522012578
23:23:46.380 [34mINFO [0;39m [32m[JavaFX Appli][0;39m [33m                                     (Main.kt:731)[0;39m DESC_EDITOR_WIDTH widthListener.saved stored=379.0 ignore=false stage=982.0 pane=956.0 desc=379.0 table=569.0 dividerWidth=6.0 items=2 divider=0.59958071278826
23:23:46.396 [34mINFO [0;39m [32m[JavaFX Appli][0;39m [33m                                     (Main.kt:731)[0;39m DESC_EDITOR_WIDTH widthListener.saved stored=363.0 ignore=false stage=982.0 pane=956.0 desc=363.0 table=585.0 dividerWidth=6.0 items=2 divider=0.6163522012578616
23:23:46.412 [34mINFO [0;39m [32m[JavaFX Appli][0;39m [33m                                     (Main.kt:731)[0;39m DESC_EDITOR_WIDTH widthListener.saved stored=352.0 ignore=false stage=982.0 pane=956.0 desc=352.0 table=596.0 dividerWidth=6.0 items=2 divider=0.6278825995807128
23:23:46.428 [34mINFO [0;39m [32m[JavaFX Appli][0;39m [33m                                     (Main.kt:731)[0;39m DESC_EDITOR_WIDTH widthListener.saved stored=345.0 ignore=false stage=982.0 pane=956.0 desc=345.0 table=603.0 dividerWidth=6.0 items=2 divider=0.6352201257861635
23:23:46.444 [34mINFO [0;39m [32m[JavaFX Appli][0;39m [33m                                     (Main.kt:731)[0;39m DESC_EDITOR_WIDTH widthListener.saved stored=340.0 ignore=false stage=982.0 pane=956.0 desc=340.0 table=608.0 dividerWidth=6.0 items=2 divider=0.640461215932914
23:23:46.459 [34mINFO [0;39m [32m[JavaFX Appli][0;39m [33m                                     (Main.kt:731)[0;39m DESC_EDITOR_WIDTH widthListener.saved stored=336.0 ignore=false stage=982.0 pane=956.0 desc=336.0 table=612.0 dividerWidth=6.0 items=2 divider=0.6446540880503144
23:23:46.476 [34mINFO [0;39m [32m[JavaFX Appli][0;39m [33m                                     (Main.kt:731)[0;39m DESC_EDITOR_WIDTH widthListener.saved stored=334.0 ignore=false stage=982.0 pane=956.0 desc=334.0 table=614.0 dividerWidth=6.0 items=2 divider=0.6467505241090147
23:23:46.492 [34mINFO [0;39m [32m[JavaFX Appli][0;39m [33m                                     (Main.kt:731)[0;39m DESC_EDITOR_WIDTH widthListener.saved stored=333.0 ignore=false stage=982.0 pane=956.0 desc=333.0 table=615.0 dividerWidth=6.0 items=2 divider=0.6477987421383647
23:23:46.508 [34mINFO [0;39m [32m[JavaFX Appli][0;39m [33m                                     (Main.kt:731)[0;39m DESC_EDITOR_WIDTH widthListener.saved stored=332.0 ignore=false stage=982.0 pane=956.0 desc=332.0 table=616.0 dividerWidth=6.0 items=2 divider=0.6488469601677149
23:23:46.538 [34mINFO [0;39m [32m[JavaFX Appli][0;39m [33m                                     (Main.kt:731)[0;39m DESC_EDITOR_WIDTH widthListener.saved stored=330.0 ignore=false stage=982.0 pane=956.0 desc=330.0 table=618.0 dividerWidth=6.0 items=2 divider=0.6509433962264151
23:23:46.555 [34mINFO [0;39m [32m[JavaFX Appli][0;39m [33m                                     (Main.kt:731)[0;39m DESC_EDITOR_WIDTH widthListener.saved stored=329.0 ignore=false stage=982.0 pane=956.0 desc=329.0 table=619.0 dividerWidth=6.0 items=2 divider=0.6519916142557652
23:23:46.571 [34mINFO [0;39m [32m[JavaFX Appli][0;39m [33m                                     (Main.kt:731)[0;39m DESC_EDITOR_WIDTH widthListener.saved stored=327.0 ignore=false stage=982.0 pane=956.0 desc=327.0 table=621.0 dividerWidth=6.0 items=2 divider=0.6540880503144654
23:23:46.587 [34mINFO [0;39m [32m[JavaFX Appli][0;39m [33m                                     (Main.kt:731)[0;39m DESC_EDITOR_WIDTH widthListener.saved stored=326.0 ignore=false stage=982.0 pane=956.0 desc=326.0 table=622.0 dividerWidth=6.0 items=2 divider=0.6551362683438156
23:23:46.604 [34mINFO [0;39m [32m[JavaFX Appli][0;39m [33m                                     (Main.kt:731)[0;39m DESC_EDITOR_WIDTH widthListener.saved stored=325.0 ignore=false stage=982.0 pane=956.0 desc=325.0 table=623.0 dividerWidth=6.0 items=2 divider=0.6561844863731656
23:23:46.620 [34mINFO [0;39m [32m[JavaFX Appli][0;39m [33m                                     (Main.kt:731)[0;39m DESC_EDITOR_WIDTH widthListener.saved stored=324.0 ignore=false stage=982.0 pane=956.0 desc=324.0 table=624.0 dividerWidth=6.0 items=2 divider=0.6572327044025157
23:23:46.652 [34mINFO [0;39m [32m[JavaFX Appli][0;39m [33m                                     (Main.kt:731)[0;39m DESC_EDITOR_WIDTH widthListener.saved stored=323.0 ignore=false stage=982.0 pane=956.0 desc=323.0 table=625.0 dividerWidth=6.0 items=2 divider=0.6582809224318659
23:23:46.959 [34mINFO [0;39m [32m[JavaFX Appli][0;39m [33m                                     (Main.kt:731)[0;39m DESC_EDITOR_WIDTH widthListener.saved stored=324.0 ignore=false stage=982.0 pane=956.0 desc=324.0 table=624.0 dividerWidth=6.0 items=2 divider=0.6572327044025157
23:23:46.962 [34mINFO [0;39m [32m[JavaFX Appli][0;39m [33m                                     (Main.kt:731)[0;39m DESC_EDITOR_WIDTH widthListener.saved stored=325.0 ignore=false stage=982.0 pane=956.0 desc=325.0 table=623.0 dividerWidth=6.0 items=2 divider=0.6561844863731656
23:23:46.972 [34mINFO [0;39m [32m[JavaFX Appli][0;39m [33m                                     (Main.kt:731)[0;39m DESC_EDITOR_WIDTH widthListener.saved stored=326.0 ignore=false stage=982.0 pane=956.0 desc=326.0 table=622.0 dividerWidth=6.0 items=2 divider=0.6551362683438156
23:23:46.988 [34mINFO [0;39m [32m[JavaFX Appli][0;39m [33m                                     (Main.kt:731)[0;39m DESC_EDITOR_WIDTH widthListener.saved stored=329.0 ignore=false stage=982.0 pane=956.0 desc=329.0 table=619.0 dividerWidth=6.0 items=2 divider=0.6519916142557652
23:23:47.003 [34mINFO [0;39m [32m[JavaFX Appli][0;39m [33m                                     (Main.kt:731)[0;39m DESC_EDITOR_WIDTH widthListener.saved stored=332.0 ignore=false stage=982.0 pane=956.0 desc=332.0 table=616.0 dividerWidth=6.0 items=2 divider=0.6488469601677149
23:23:47.019 [34mINFO [0;39m [32m[JavaFX Appli][0;39m [33m                                     (Main.kt:731)[0;39m DESC_EDITOR_WIDTH widthListener.saved stored=335.0 ignore=false stage=982.0 pane=956.0 desc=335.0 table=613.0 dividerWidth=6.0 items=2 divider=0.6457023060796646
23:23:47.036 [34mINFO [0;39m [32m[JavaFX Appli][0;39m [33m                                     (Main.kt:731)[0;39m DESC_EDITOR_WIDTH widthListener.saved stored=337.0 ignore=false stage=982.0 pane=956.0 desc=337.0 table=611.0 dividerWidth=6.0 items=2 divider=0.6436058700209644
23:23:47.054 [34mINFO [0;39m [32m[JavaFX Appli][0;39m [33m                                     (Main.kt:731)[0;39m DESC_EDITOR_WIDTH widthListener.saved stored=338.0 ignore=false stage=982.0 pane=956.0 desc=338.0 table=610.0 dividerWidth=6.0 items=2 divider=0.6425576519916143
23:23:47.084 [34mINFO [0;39m [32m[JavaFX Appli][0;39m [33m                                     (Main.kt:731)[0;39m DESC_EDITOR_WIDTH widthListener.saved stored=339.0 ignore=false stage=982.0 pane=956.0 desc=339.0 table=609.0 dividerWidth=6.0 items=2 divider=0.6415094339622641
23:23:47.100 [34mINFO [0;39m [32m[JavaFX Appli][0;39m [33m                                     (Main.kt:731)[0;39m DESC_EDITOR_WIDTH widthListener.saved stored=340.0 ignore=false stage=982.0 pane=956.0 desc=340.0 table=608.0 dividerWidth=6.0 items=2 divider=0.640461215932914
23:23:47.115 [34mINFO [0;39m [32m[JavaFX Appli][0;39m [33m                                     (Main.kt:731)[0;39m DESC_EDITOR_WIDTH widthListener.saved stored=341.0 ignore=false stage=982.0 pane=956.0 desc=341.0 table=607.0 dividerWidth=6.0 items=2 divider=0.639412997903564
23:23:47.121 [34mINFO [0;39m [32m[JavaFX Appli][0;39m [33m                                     (Main.kt:731)[0;39m DESC_EDITOR_WIDTH widthListener.saved stored=342.0 ignore=false stage=982.0 pane=956.0 desc=342.0 table=606.0 dividerWidth=6.0 items=2 divider=0.6383647798742138
23:23:47.154 [34mINFO [0;39m [32m[JavaFX Appli][0;39m [33m                                     (Main.kt:731)[0;39m DESC_EDITOR_WIDTH widthListener.saved stored=343.0 ignore=false stage=982.0 pane=956.0 desc=343.0 table=605.0 dividerWidth=6.0 items=2 divider=0.6373165618448637
23:23:47.196 [34mINFO [0;39m [32m[JavaFX Appli][0;39m [33m                                     (Main.kt:731)[0;39m DESC_EDITOR_WIDTH widthListener.saved stored=344.0 ignore=false stage=982.0 pane=956.0 desc=344.0 table=604.0 dividerWidth=6.0 items=2 divider=0.6362683438155137
23:23:47.198 [34mINFO [0;39m [32m[JavaFX Appli][0;39m [33m                                     (Main.kt:731)[0;39m DESC_EDITOR_WIDTH widthListener.saved stored=345.0 ignore=false stage=982.0 pane=956.0 desc=345.0 table=603.0 dividerWidth=6.0 items=2 divider=0.6352201257861635
23:23:47.228 [34mINFO [0;39m [32m[JavaFX Appli][0;39m [33m                                     (Main.kt:731)[0;39m DESC_EDITOR_WIDTH widthListener.saved stored=346.0 ignore=false stage=982.0 pane=956.0 desc=346.0 table=602.0 dividerWidth=6.0 items=2 divider=0.6341719077568134
23:23:47.231 [34mINFO [0;39m [32m[JavaFX Appli][0;39m [33m                                     (Main.kt:731)[0;39m DESC_EDITOR_WIDTH widthListener.saved stored=347.0 ignore=false stage=982.0 pane=956.0 desc=347.0 table=601.0 dividerWidth=6.0 items=2 divider=0.6331236897274634
23:23:47.292 [34mINFO [0;39m [32m[JavaFX Appli][0;39m [33m                                     (Main.kt:731)[0;39m DESC_EDITOR_WIDTH widthListener.saved stored=348.0 ignore=false stage=982.0 pane=956.0 desc=348.0 table=600.0 dividerWidth=6.0 items=2 divider=0.6320754716981132
23:23:47.341 [34mINFO [0;39m [32m[JavaFX Appli][0;39m [33m                                     (Main.kt:731)[0;39m DESC_EDITOR_WIDTH widthListener.saved stored=351.0 ignore=false stage=982.0 pane=956.0 desc=351.0 table=597.0 dividerWidth=6.0 items=2 divider=0.6289308176100629
23:23:47.385 [34mINFO [0;39m [32m[JavaFX Appli][0;39m [33m                                     (Main.kt:731)[0;39m DESC_EDITOR_WIDTH widthListener.saved stored=353.0 ignore=false stage=982.0 pane=956.0 desc=353.0 table=595.0 dividerWidth=6.0 items=2 divider=0.6268343815513627
23:23:47.455 [34mINFO [0;39m [32m[JavaFX Appli][0;39m [33m                                     (Main.kt:731)[0;39m DESC_EDITOR_WIDTH widthListener.saved stored=355.0 ignore=false stage=982.0 pane=956.0 desc=355.0 table=593.0 dividerWidth=6.0 items=2 divider=0.6247379454926625
23:23:49.078 [34mINFO [0;39m [32m[JavaFX Appli][0;39m [33m                                     (Main.kt:731)[0;39m DESC_EDITOR_WIDTH hide.start captured=355.0 stored=355.0 ignore=false stage=982.0 pane=956.0 desc=355.0 table=593.0 dividerWidth=6.0 items=2 divider=0.6247379454926625
23:23:49.079 [34mINFO [0;39m [32m[JavaFX Appli][0;39m [33m                                     (Main.kt:731)[0;39m DESC_EDITOR_WIDTH hide.afterRemove stored=355.0 ignore=true stage=627.0 pane=956.0 desc=355.0 table=593.0 dividerWidth=363.0 items=1 divider=
23:23:49.080 [34mINFO [0;39m [32m[JavaFX Appli][0;39m [33m                                     (Main.kt:731)[0;39m DESC_EDITOR_WIDTH hide.done stored=355.0 ignore=false stage=627.0 pane=956.0 desc=355.0 table=593.0 dividerWidth=363.0 items=1 divider=
23:23:49.410 [34mINFO [0;39m [32m[JavaFX Appli][0;39m [33m                                     (Main.kt:731)[0;39m DESC_EDITOR_WIDTH show.start targetEditor=355.0 targetPane=956.0 stored=355.0 ignore=false stage=627.0 pane=601.0 desc=355.0 table=599.0 dividerWidth=2.0 items=1 divider=
23:23:49.411 [34mINFO [0;39m [32m[JavaFX Appli][0;39m [33m                                     (Main.kt:731)[0;39m DESC_EDITOR_WIDTH show.afterAdd stored=355.0 ignore=true stage=982.0 pane=601.0 desc=355.0 table=599.0 dividerWidth=0.0 items=2 divider=0.5
23:23:49.412 [34mINFO [0;39m [32m[JavaFX Appli][0;39m [33m                                     (Main.kt:731)[0;39m DESC_EDITOR_WIDTH restore.readyCheck ready=false force=false targetEditor=355.0 targetPane=956.0 stored=355.0 ignore=true stage=982.0 pane=601.0 desc=355.0 table=599.0 dividerWidth=0.0 items=2 divider=0.5
23:23:49.429 [34mINFO [0;39m [32m[JavaFX Appli][0;39m [33m                                     (Main.kt:731)[0;39m DESC_EDITOR_WIDTH restore.readyCheck ready=true force=false targetEditor=355.0 targetPane=956.0 stored=355.0 ignore=true stage=982.0 pane=956.0 desc=355.0 table=593.0 dividerWidth=6.0 items=2 divider=0.6247379454926625
23:23:49.429 [34mINFO [0;39m [32m[JavaFX Appli][0;39m [33m                                     (Main.kt:731)[0;39m DESC_EDITOR_WIDTH restore.apply target=355.0 divider=0.6223849372384938 stored=355.0 ignore=true stage=982.0 pane=956.0 desc=355.0 table=593.0 dividerWidth=6.0 items=2 divider=0.6247379454926625
23:23:49.514 [34mINFO [0;39m [32m[JavaFX Appli][0;39m [33m                                     (Main.kt:731)[0;39m DESC_EDITOR_WIDTH restore.done target=355.0 stored=355.0 ignore=false stage=982.0 pane=956.0 desc=355.0 table=593.0 dividerWidth=6.0 items=2 divider=0.6247379454926625
23:23:49.833 [34mINFO [0;39m [32m[JavaFX Appli][0;39m [33m                                     (Main.kt:731)[0;39m DESC_EDITOR_WIDTH hide.start captured=355.0 stored=355.0 ignore=false stage=982.0 pane=956.0 desc=355.0 table=593.0 dividerWidth=6.0 items=2 divider=0.6247379454926625
23:23:49.833 [34mINFO [0;39m [32m[JavaFX Appli][0;39m [33m                                     (Main.kt:731)[0;39m DESC_EDITOR_WIDTH hide.afterRemove stored=355.0 ignore=true stage=627.0 pane=956.0 desc=355.0 table=593.0 dividerWidth=363.0 items=1 divider=
23:23:49.834 [34mINFO [0;39m [32m[JavaFX Appli][0;39m [33m                                     (Main.kt:731)[0;39m DESC_EDITOR_WIDTH hide.done stored=355.0 ignore=false stage=627.0 pane=956.0 desc=355.0 table=593.0 dividerWidth=363.0 items=1 divider=
23:23:50.103 [34mINFO [0;39m [32m[JavaFX Appli][0;39m [33m                                     (Main.kt:731)[0;39m DESC_EDITOR_WIDTH show.start targetEditor=355.0 targetPane=956.0 stored=355.0 ignore=false stage=627.0 pane=601.0 desc=355.0 table=599.0 dividerWidth=2.0 items=1 divider=
23:23:50.104 [34mINFO [0;39m [32m[JavaFX Appli][0;39m [33m                                     (Main.kt:731)[0;39m DESC_EDITOR_WIDTH show.afterAdd stored=355.0 ignore=true stage=982.0 pane=601.0 desc=355.0 table=599.0 dividerWidth=0.0 items=2 divider=0.5
23:23:50.104 [34mINFO [0;39m [32m[JavaFX Appli][0;39m [33m                                     (Main.kt:731)[0;39m DESC_EDITOR_WIDTH restore.readyCheck ready=false force=false targetEditor=355.0 targetPane=956.0 stored=355.0 ignore=true stage=982.0 pane=601.0 desc=355.0 table=599.0 dividerWidth=0.0 items=2 divider=0.5
23:23:50.114 [34mINFO [0;39m [32m[JavaFX Appli][0;39m [33m                                     (Main.kt:731)[0;39m DESC_EDITOR_WIDTH restore.readyCheck ready=true force=false targetEditor=355.0 targetPane=956.0 stored=355.0 ignore=true stage=982.0 pane=956.0 desc=355.0 table=593.0 dividerWidth=6.0 items=2 divider=0.6247379454926625
23:23:50.114 [34mINFO [0;39m [32m[JavaFX Appli][0;39m [33m                                     (Main.kt:731)[0;39m DESC_EDITOR_WIDTH restore.apply target=355.0 divider=0.6223849372384938 stored=355.0 ignore=true stage=982.0 pane=956.0 desc=355.0 table=593.0 dividerWidth=6.0 items=2 divider=0.6247379454926625
23:23:50.202 [34mINFO [0;39m [32m[JavaFX Appli][0;39m [33m                                     (Main.kt:731)[0;39m DESC_EDITOR_WIDTH restore.done target=355.0 stored=355.0 ignore=false stage=982.0 pane=956.0 desc=355.0 table=593.0 dividerWidth=6.0 items=2 divider=0.6247379454926625
23:23:50.499 [34mINFO [0;39m [32m[JavaFX Appli][0;39m [33m                                     (Main.kt:731)[0;39m DESC_EDITOR_WIDTH hide.start captured=355.0 stored=355.0 ignore=false stage=982.0 pane=956.0 desc=355.0 table=593.0 dividerWidth=6.0 items=2 divider=0.6247379454926625
23:23:50.499 [34mINFO [0;39m [32m[JavaFX Appli][0;39m [33m                                     (Main.kt:731)[0;39m DESC_EDITOR_WIDTH hide.afterRemove stored=355.0 ignore=true stage=627.0 pane=956.0 desc=355.0 table=593.0 dividerWidth=363.0 items=1 divider=
23:23:50.500 [34mINFO [0;39m [32m[JavaFX Appli][0;39m [33m                                     (Main.kt:731)[0;39m DESC_EDITOR_WIDTH hide.done stored=355.0 ignore=false stage=627.0 pane=956.0 desc=355.0 table=593.0 dividerWidth=363.0 items=1 divider=
23:23:50.862 [34mINFO [0;39m [32m[JavaFX Appli][0;39m [33m                                     (Main.kt:731)[0;39m DESC_EDITOR_WIDTH show.start targetEditor=355.0 targetPane=956.0 stored=355.0 ignore=false stage=627.0 pane=601.0 desc=355.0 table=599.0 dividerWidth=2.0 items=1 divider=
23:23:50.863 [34mINFO [0;39m [32m[JavaFX Appli][0;39m [33m                                     (Main.kt:731)[0;39m DESC_EDITOR_WIDTH show.afterAdd stored=355.0 ignore=true stage=982.0 pane=601.0 desc=355.0 table=599.0 dividerWidth=0.0 items=2 divider=0.5
23:23:50.864 [34mINFO [0;39m [32m[JavaFX Appli][0;39m [33m                                     (Main.kt:731)[0;39m DESC_EDITOR_WIDTH restore.readyCheck ready=false force=false targetEditor=355.0 targetPane=956.0 stored=355.0 ignore=true stage=982.0 pane=601.0 desc=355.0 table=599.0 dividerWidth=0.0 items=2 divider=0.5
23:23:50.882 [34mINFO [0;39m [32m[JavaFX Appli][0;39m [33m                                     (Main.kt:731)[0;39m DESC_EDITOR_WIDTH restore.readyCheck ready=true force=false targetEditor=355.0 targetPane=956.0 stored=355.0 ignore=true stage=982.0 pane=956.0 desc=355.0 table=593.0 dividerWidth=6.0 items=2 divider=0.6247379454926625
23:23:50.883 [34mINFO [0;39m [32m[JavaFX Appli][0;39m [33m                                     (Main.kt:731)[0;39m DESC_EDITOR_WIDTH restore.apply target=355.0 divider=0.6223849372384938 stored=355.0 ignore=true stage=982.0 pane=956.0 desc=355.0 table=593.0 dividerWidth=6.0 items=2 divider=0.6247379454926625
23:23:50.970 [34mINFO [0;39m [32m[JavaFX Appli][0;39m [33m                                     (Main.kt:731)[0;39m DESC_EDITOR_WIDTH restore.done target=355.0 stored=355.0 ignore=false stage=982.0 pane=956.0 desc=355.0 table=593.0 dividerWidth=6.0 items=2 divider=0.6247379454926625
23:23:51.239 [34mINFO [0;39m [32m[JavaFX Appli][0;39m [33m                                     (Main.kt:731)[0;39m DESC_EDITOR_WIDTH hide.start captured=355.0 stored=355.0 ignore=false stage=982.0 pane=956.0 desc=355.0 table=593.0 dividerWidth=6.0 items=2 divider=0.6247379454926625
23:23:51.239 [34mINFO [0;39m [32m[JavaFX Appli][0;39m [33m                                     (Main.kt:731)[0;39m DESC_EDITOR_WIDTH hide.afterRemove stored=355.0 ignore=true stage=627.0 pane=956.0 desc=355.0 table=593.0 dividerWidth=363.0 items=1 divider=
23:23:51.240 [34mINFO [0;39m [32m[JavaFX Appli][0;39m [33m                                     (Main.kt:731)[0;39m DESC_EDITOR_WIDTH hide.done stored=355.0 ignore=false stage=627.0 pane=956.0 desc=355.0 table=593.0 dividerWidth=363.0 items=1 divider=
23:23:51.469 [34mINFO [0;39m [32m[JavaFX Appli][0;39m [33m                                     (Main.kt:731)[0;39m DESC_EDITOR_WIDTH show.start targetEditor=355.0 targetPane=956.0 stored=355.0 ignore=false stage=627.0 pane=601.0 desc=355.0 table=599.0 dividerWidth=2.0 items=1 divider=
23:23:51.470 [34mINFO [0;39m [32m[JavaFX Appli][0;39m [33m                                     (Main.kt:731)[0;39m DESC_EDITOR_WIDTH show.afterAdd stored=355.0 ignore=true stage=982.0 pane=601.0 desc=355.0 table=599.0 dividerWidth=0.0 items=2 divider=0.5
23:23:51.470 [34mINFO [0;39m [32m[JavaFX Appli][0;39m [33m                                     (Main.kt:731)[0;39m DESC_EDITOR_WIDTH restore.readyCheck ready=false force=false targetEditor=355.0 targetPane=956.0 stored=355.0 ignore=true stage=982.0 pane=601.0 desc=355.0 table=599.0 dividerWidth=0.0 items=2 divider=0.5
23:23:51.491 [34mINFO [0;39m [32m[JavaFX Appli][0;39m [33m                                     (Main.kt:731)[0;39m DESC_EDITOR_WIDTH restore.readyCheck ready=true force=false targetEditor=355.0 targetPane=956.0 stored=355.0 ignore=true stage=982.0 pane=956.0 desc=355.0 table=593.0 dividerWidth=6.0 items=2 divider=0.6247379454926625
23:23:51.492 [34mINFO [0;39m [32m[JavaFX Appli][0;39m [33m                                     (Main.kt:731)[0;39m DESC_EDITOR_WIDTH restore.apply target=355.0 divider=0.6223849372384938 stored=355.0 ignore=true stage=982.0 pane=956.0 desc=355.0 table=593.0 dividerWidth=6.0 items=2 divider=0.6247379454926625
23:23:51.579 [34mINFO [0;39m [32m[JavaFX Appli][0;39m [33m                                     (Main.kt:731)[0;39m DESC_EDITOR_WIDTH restore.done target=355.0 stored=355.0 ignore=false stage=982.0 pane=956.0 desc=355.0 table=593.0 dividerWidth=6.0 items=2 divider=0.6247379454926625
23:23:51.878 [34mINFO [0;39m [32m[JavaFX Appli][0;39m [33m                                     (Main.kt:731)[0;39m DESC_EDITOR_WIDTH hide.start captured=355.0 stored=355.0 ignore=false stage=982.0 pane=956.0 desc=355.0 table=593.0 dividerWidth=6.0 items=2 divider=0.6247379454926625
23:23:51.879 [34mINFO [0;39m [32m[JavaFX Appli][0;39m [33m                                     (Main.kt:731)[0;39m DESC_EDITOR_WIDTH hide.afterRemove stored=355.0 ignore=true stage=627.0 pane=956.0 desc=355.0 table=593.0 dividerWidth=363.0 items=1 divider=
23:23:51.880 [34mINFO [0;39m [32m[JavaFX Appli][0;39m [33m                                     (Main.kt:731)[0;39m DESC_EDITOR_WIDTH hide.done stored=355.0 ignore=false stage=627.0 pane=956.0 desc=355.0 table=593.0 dividerWidth=363.0 items=1 divider=
23:23:52.090 [34mINFO [0;39m [32m[JavaFX Appli][0;39m [33m                                     (Main.kt:731)[0;39m DESC_EDITOR_WIDTH show.start targetEditor=355.0 targetPane=956.0 stored=355.0 ignore=false stage=627.0 pane=601.0 desc=355.0 table=599.0 dividerWidth=2.0 items=1 divider=
23:23:52.091 [34mINFO [0;39m [32m[JavaFX Appli][0;39m [33m                                     (Main.kt:731)[0;39m DESC_EDITOR_WIDTH show.afterAdd stored=355.0 ignore=true stage=982.0 pane=601.0 desc=355.0 table=599.0 dividerWidth=0.0 items=2 divider=0.5
23:23:52.092 [34mINFO [0;39m [32m[JavaFX Appli][0;39m [33m                                     (Main.kt:731)[0;39m DESC_EDITOR_WIDTH restore.readyCheck ready=false force=false targetEditor=355.0 targetPane=956.0 stored=355.0 ignore=true stage=982.0 pane=601.0 desc=355.0 table=599.0 dividerWidth=0.0 items=2 divider=0.5
23:23:52.114 [34mINFO [0;39m [32m[JavaFX Appli][0;39m [33m                                     (Main.kt:731)[0;39m DESC_EDITOR_WIDTH restore.readyCheck ready=true force=false targetEditor=355.0 targetPane=956.0 stored=355.0 ignore=true stage=982.0 pane=956.0 desc=355.0 table=593.0 dividerWidth=6.0 items=2 divider=0.6247379454926625
23:23:52.114 [34mINFO [0;39m [32m[JavaFX Appli][0;39m [33m                                     (Main.kt:731)[0;39m DESC_EDITOR_WIDTH restore.apply target=355.0 divider=0.6223849372384938 stored=355.0 ignore=true stage=982.0 pane=956.0 desc=355.0 table=593.0 dividerWidth=6.0 items=2 divider=0.6247379454926625
23:23:52.202 [34mINFO [0;39m [32m[JavaFX Appli][0;39m [33m                                     (Main.kt:731)[0;39m DESC_EDITOR_WIDTH restore.done target=355.0 stored=355.0 ignore=false stage=982.0 pane=956.0 desc=355.0 table=593.0 dividerWidth=6.0 items=2 divider=0.6247379454926625
23:23:52.493 [34mINFO [0;39m [32m[JavaFX Appli][0;39m [33m                                     (Main.kt:731)[0;39m DESC_EDITOR_WIDTH hide.start captured=355.0 stored=355.0 ignore=false stage=982.0 pane=956.0 desc=355.0 table=593.0 dividerWidth=6.0 items=2 divider=0.6247379454926625
23:23:52.494 [34mINFO [0;39m [32m[JavaFX Appli][0;39m [33m                                     (Main.kt:731)[0;39m DESC_EDITOR_WIDTH hide.afterRemove stored=355.0 ignore=true stage=627.0 pane=956.0 desc=355.0 table=593.0 dividerWidth=363.0 items=1 divider=
23:23:52.494 [34mINFO [0;39m [32m[JavaFX Appli][0;39m [33m                                     (Main.kt:731)[0;39m DESC_EDITOR_WIDTH hide.done stored=355.0 ignore=false stage=627.0 pane=956.0 desc=355.0 table=593.0 dividerWidth=363.0 items=1 divider=
23:23:52.943 [34mINFO [0;39m [32m[JavaFX Appli][0;39m [33m                                     (Main.kt:731)[0;39m DESC_EDITOR_WIDTH show.start targetEditor=355.0 targetPane=956.0 stored=355.0 ignore=false stage=627.0 pane=601.0 desc=355.0 table=599.0 dividerWidth=2.0 items=1 divider=
23:23:52.957 [34mINFO [0;39m [32m[JavaFX Appli][0;39m [33m                                     (Main.kt:731)[0;39m DESC_EDITOR_WIDTH show.afterAdd stored=355.0 ignore=true stage=982.0 pane=601.0 desc=355.0 table=599.0 dividerWidth=0.0 items=2 divider=0.5
23:23:53.004 [34mINFO [0;39m [32m[JavaFX Appli][0;39m [33m                                     (Main.kt:731)[0;39m DESC_EDITOR_WIDTH restore.readyCheck ready=true force=false targetEditor=355.0 targetPane=956.0 stored=355.0 ignore=true stage=982.0 pane=956.0 desc=355.0 table=593.0 dividerWidth=6.0 items=2 divider=0.6247379454926625
23:23:53.032 [34mINFO [0;39m [32m[JavaFX Appli][0;39m [33m                                     (Main.kt:731)[0;39m DESC_EDITOR_WIDTH restore.apply target=355.0 divider=0.6223849372384938 stored=355.0 ignore=true stage=982.0 pane=956.0 desc=355.0 table=593.0 dividerWidth=6.0 items=2 divider=0.6247379454926625
23:23:53.132 [34mINFO [0;39m [32m[JavaFX Appli][0;39m [33m                                     (Main.kt:731)[0;39m DESC_EDITOR_WIDTH restore.done target=355.0 stored=355.0 ignore=false stage=982.0 pane=956.0 desc=355.0 table=593.0 dividerWidth=6.0 items=2 divider=0.6247379454926625
23:23:53.364 [34mINFO [0;39m [32m[JavaFX Appli][0;39m [33m                                     (Main.kt:731)[0;39m DESC_EDITOR_WIDTH hide.start captured=355.0 stored=355.0 ignore=false stage=982.0 pane=956.0 desc=355.0 table=593.0 dividerWidth=6.0 items=2 divider=0.6247379454926625
23:23:53.365 [34mINFO [0;39m [32m[JavaFX Appli][0;39m [33m                                     (Main.kt:731)[0;39m DESC_EDITOR_WIDTH hide.afterRemove stored=355.0 ignore=true stage=627.0 pane=956.0 desc=355.0 table=593.0 dividerWidth=363.0 items=1 divider=
23:23:53.366 [34mINFO [0;39m [32m[JavaFX Appli][0;39m [33m                                     (Main.kt:731)[0;39m DESC_EDITOR_WIDTH hide.done stored=355.0 ignore=false stage=627.0 pane=956.0 desc=355.0 table=593.0 dividerWidth=363.0 items=1 divider=
23:23:53.549 [34mINFO [0;39m [32m[JavaFX Appli][0;39m [33m                                     (Main.kt:731)[0;39m DESC_EDITOR_WIDTH show.start targetEditor=355.0 targetPane=956.0 stored=355.0 ignore=false stage=627.0 pane=601.0 desc=355.0 table=599.0 dividerWidth=2.0 items=1 divider=
23:23:53.550 [34mINFO [0;39m [32m[JavaFX Appli][0;39m [33m                                     (Main.kt:731)[0;39m DESC_EDITOR_WIDTH show.afterAdd stored=355.0 ignore=true stage=982.0 pane=601.0 desc=355.0 table=599.0 dividerWidth=0.0 items=2 divider=0.5
23:23:53.550 [34mINFO [0;39m [32m[JavaFX Appli][0;39m [33m                                     (Main.kt:731)[0;39m DESC_EDITOR_WIDTH restore.readyCheck ready=false force=false targetEditor=355.0 targetPane=956.0 stored=355.0 ignore=true stage=982.0 pane=601.0 desc=355.0 table=599.0 dividerWidth=0.0 items=2 divider=0.5
23:23:53.573 [34mINFO [0;39m [32m[JavaFX Appli][0;39m [33m                                     (Main.kt:731)[0;39m DESC_EDITOR_WIDTH restore.readyCheck ready=true force=false targetEditor=355.0 targetPane=956.0 stored=355.0 ignore=true stage=982.0 pane=956.0 desc=355.0 table=593.0 dividerWidth=6.0 items=2 divider=0.6247379454926625
23:23:53.573 [34mINFO [0;39m [32m[JavaFX Appli][0;39m [33m                                     (Main.kt:731)[0;39m DESC_EDITOR_WIDTH restore.apply target=355.0 divider=0.6223849372384938 stored=355.0 ignore=true stage=982.0 pane=956.0 desc=355.0 table=593.0 dividerWidth=6.0 items=2 divider=0.6247379454926625
23:23:53.659 [34mINFO [0;39m [32m[JavaFX Appli][0;39m [33m                                     (Main.kt:731)[0;39m DESC_EDITOR_WIDTH restore.done target=355.0 stored=355.0 ignore=false stage=982.0 pane=956.0 desc=355.0 table=593.0 dividerWidth=6.0 items=2 divider=0.6247379454926625
23:23:53.973 [34mINFO [0;39m [32m[JavaFX Appli][0;39m [33m                                     (Main.kt:731)[0;39m DESC_EDITOR_WIDTH hide.start captured=355.0 stored=355.0 ignore=false stage=982.0 pane=956.0 desc=355.0 table=593.0 dividerWidth=6.0 items=2 divider=0.6247379454926625
23:23:53.974 [34mINFO [0;39m [32m[JavaFX Appli][0;39m [33m                                     (Main.kt:731)[0;39m DESC_EDITOR_WIDTH hide.afterRemove stored=355.0 ignore=true stage=627.0 pane=956.0 desc=355.0 table=593.0 dividerWidth=363.0 items=1 divider=
23:23:53.974 [34mINFO [0;39m [32m[JavaFX Appli][0;39m [33m                                     (Main.kt:731)[0;39m DESC_EDITOR_WIDTH hide.done stored=355.0 ignore=false stage=627.0 pane=956.0 desc=355.0 table=593.0 dividerWidth=363.0 items=1 divider=
23:23:54.367 [34mINFO [0;39m [32m[JavaFX Appli][0;39m [33m                                     (Main.kt:731)[0;39m DESC_EDITOR_WIDTH show.start targetEditor=355.0 targetPane=956.0 stored=355.0 ignore=false stage=627.0 pane=601.0 desc=355.0 table=599.0 dividerWidth=2.0 items=1 divider=
23:23:54.367 [34mINFO [0;39m [32m[JavaFX Appli][0;39m [33m                                     (Main.kt:731)[0;39m DESC_EDITOR_WIDTH show.afterAdd stored=355.0 ignore=true stage=982.0 pane=601.0 desc=355.0 table=599.0 dividerWidth=0.0 items=2 divider=0.5
23:23:54.369 [34mINFO [0;39m [32m[JavaFX Appli][0;39m [33m                                     (Main.kt:731)[0;39m DESC_EDITOR_WIDTH restore.readyCheck ready=false force=false targetEditor=355.0 targetPane=956.0 stored=355.0 ignore=true stage=982.0 pane=601.0 desc=355.0 table=599.0 dividerWidth=0.0 items=2 divider=0.5
23:23:54.388 [34mINFO [0;39m [32m[JavaFX Appli][0;39m [33m                                     (Main.kt:731)[0;39m DESC_EDITOR_WIDTH restore.readyCheck ready=true force=false targetEditor=355.0 targetPane=956.0 stored=355.0 ignore=true stage=982.0 pane=956.0 desc=355.0 table=593.0 dividerWidth=6.0 items=2 divider=0.6247379454926625
23:23:54.390 [34mINFO [0;39m [32m[JavaFX Appli][0;39m [33m                                     (Main.kt:731)[0;39m DESC_EDITOR_WIDTH restore.apply target=355.0 divider=0.6223849372384938 stored=355.0 ignore=true stage=982.0 pane=956.0 desc=355.0 table=593.0 dividerWidth=6.0 items=2 divider=0.6247379454926625
23:23:54.474 [34mINFO [0;39m [32m[JavaFX Appli][0;39m [33m                                     (Main.kt:731)[0;39m DESC_EDITOR_WIDTH restore.done target=355.0 stored=355.0 ignore=false stage=982.0 pane=956.0 desc=355.0 table=593.0 dividerWidth=6.0 items=2 divider=0.6247379454926625
23:24:12.124 [34mINFO [0;39m [32m[JavaFX Appli][0;39m [33m                                     (Main.kt:731)[0;39m DESC_EDITOR_WIDTH widthListener.saved stored=357.0 ignore=false stage=982.0 pane=956.0 desc=357.0 table=591.0 dividerWidth=6.0 items=2 divider=0.6226415094339622
23:24:12.127 [34mINFO [0;39m [32m[JavaFX Appli][0;39m [33m                                     (Main.kt:731)[0;39m DESC_EDITOR_WIDTH widthListener.saved stored=363.0 ignore=false stage=982.0 pane=956.0 desc=363.0 table=585.0 dividerWidth=6.0 items=2 divider=0.6163522012578616
23:24:12.138 [34mINFO [0;39m [32m[JavaFX Appli][0;39m [33m                                     (Main.kt:731)[0;39m DESC_EDITOR_WIDTH widthListener.saved stored=372.0 ignore=false stage=982.0 pane=956.0 desc=372.0 table=576.0 dividerWidth=6.0 items=2 divider=0.6069182389937107
23:24:12.155 [34mINFO [0;39m [32m[JavaFX Appli][0;39m [33m                                     (Main.kt:731)[0;39m DESC_EDITOR_WIDTH widthListener.saved stored=409.0 ignore=false stage=982.0 pane=956.0 desc=409.0 table=539.0 dividerWidth=6.0 items=2 divider=0.5681341719077568
23:24:12.171 [34mINFO [0;39m [32m[JavaFX Appli][0;39m [33m                                     (Main.kt:731)[0;39m DESC_EDITOR_WIDTH widthListener.saved stored=450.0 ignore=false stage=982.0 pane=956.0 desc=450.0 table=498.0 dividerWidth=6.0 items=2 divider=0.5251572327044025
23:24:12.187 [34mINFO [0;39m [32m[JavaFX Appli][0;39m [33m                                     (Main.kt:731)[0;39m DESC_EDITOR_WIDTH widthListener.saved stored=499.0 ignore=false stage=982.0 pane=956.0 desc=499.0 table=449.0 dividerWidth=6.0 items=2 divider=0.47379454926624737
23:24:12.204 [34mINFO [0;39m [32m[JavaFX Appli][0;39m [33m                                     (Main.kt:731)[0;39m DESC_EDITOR_WIDTH widthListener.saved stored=541.0 ignore=false stage=982.0 pane=956.0 desc=541.0 table=407.0 dividerWidth=6.0 items=2 divider=0.429769392033543
23:24:12.220 [34mINFO [0;39m [32m[JavaFX Appli][0;39m [33m                                     (Main.kt:731)[0;39m DESC_EDITOR_WIDTH widthListener.saved stored=572.0 ignore=false stage=982.0 pane=956.0 desc=572.0 table=376.0 dividerWidth=6.0 items=2 divider=0.3972746331236897
23:24:12.236 [34mINFO [0;39m [32m[JavaFX Appli][0;39m [33m                                     (Main.kt:731)[0;39m DESC_EDITOR_WIDTH widthListener.saved stored=597.0 ignore=false stage=982.0 pane=956.0 desc=597.0 table=351.0 dividerWidth=6.0 items=2 divider=0.3710691823899371
23:24:12.252 [34mINFO [0;39m [32m[JavaFX Appli][0;39m [33m                                     (Main.kt:731)[0;39m DESC_EDITOR_WIDTH widthListener.saved stored=615.0 ignore=false stage=982.0 pane=956.0 desc=615.0 table=333.0 dividerWidth=6.0 items=2 divider=0.3522012578616352
23:24:12.267 [34mINFO [0;39m [32m[JavaFX Appli][0;39m [33m                                     (Main.kt:731)[0;39m DESC_EDITOR_WIDTH widthListener.saved stored=623.0 ignore=false stage=982.0 pane=956.0 desc=623.0 table=325.0 dividerWidth=6.0 items=2 divider=0.3438155136268344
23:24:12.284 [34mINFO [0;39m [32m[JavaFX Appli][0;39m [33m                                     (Main.kt:731)[0;39m DESC_EDITOR_WIDTH widthListener.saved stored=625.0 ignore=false stage=982.0 pane=956.0 desc=625.0 table=323.0 dividerWidth=6.0 items=2 divider=0.3417190775681342
23:24:12.731 [34mINFO [0;39m [32m[JavaFX Appli][0;39m [33m                                     (Main.kt:731)[0;39m DESC_EDITOR_WIDTH widthListener.saved stored=619.0 ignore=false stage=982.0 pane=956.0 desc=619.0 table=329.0 dividerWidth=6.0 items=2 divider=0.3480083857442348
23:24:12.734 [34mINFO [0;39m [32m[JavaFX Appli][0;39m [33m                                     (Main.kt:731)[0;39m DESC_EDITOR_WIDTH widthListener.saved stored=615.0 ignore=false stage=982.0 pane=956.0 desc=615.0 table=333.0 dividerWidth=6.0 items=2 divider=0.3522012578616352
23:24:12.747 [34mINFO [0;39m [32m[JavaFX Appli][0;39m [33m                                     (Main.kt:731)[0;39m DESC_EDITOR_WIDTH widthListener.saved stored=611.0 ignore=false stage=982.0 pane=956.0 desc=611.0 table=337.0 dividerWidth=6.0 items=2 divider=0.35639412997903563
23:24:12.755 [34mINFO [0;39m [32m[JavaFX Appli][0;39m [33m                                     (Main.kt:731)[0;39m DESC_EDITOR_WIDTH widthListener.saved stored=602.0 ignore=false stage=982.0 pane=956.0 desc=602.0 table=346.0 dividerWidth=6.0 items=2 divider=0.3658280922431866
23:24:12.764 [34mINFO [0;39m [32m[JavaFX Appli][0;39m [33m                                     (Main.kt:731)[0;39m DESC_EDITOR_WIDTH widthListener.saved stored=599.0 ignore=false stage=982.0 pane=956.0 desc=599.0 table=349.0 dividerWidth=6.0 items=2 divider=0.3689727463312369
23:24:12.779 [34mINFO [0;39m [32m[JavaFX Appli][0;39m [33m                                     (Main.kt:731)[0;39m DESC_EDITOR_WIDTH widthListener.saved stored=595.0 ignore=false stage=982.0 pane=956.0 desc=595.0 table=353.0 dividerWidth=6.0 items=2 divider=0.3731656184486373
23:24:12.796 [34mINFO [0;39m [32m[JavaFX Appli][0;39m [33m                                     (Main.kt:731)[0;39m DESC_EDITOR_WIDTH widthListener.saved stored=590.0 ignore=false stage=982.0 pane=956.0 desc=590.0 table=358.0 dividerWidth=6.0 items=2 divider=0.37840670859538783
23:24:12.812 [34mINFO [0;39m [32m[JavaFX Appli][0;39m [33m                                     (Main.kt:731)[0;39m DESC_EDITOR_WIDTH widthListener.saved stored=587.0 ignore=false stage=982.0 pane=956.0 desc=587.0 table=361.0 dividerWidth=6.0 items=2 divider=0.38155136268343814
23:24:12.828 [34mINFO [0;39m [32m[JavaFX Appli][0;39m [33m                                     (Main.kt:731)[0;39m DESC_EDITOR_WIDTH widthListener.saved stored=584.0 ignore=false stage=982.0 pane=956.0 desc=584.0 table=364.0 dividerWidth=6.0 items=2 divider=0.38469601677148846
23:24:12.844 [34mINFO [0;39m [32m[JavaFX Appli][0;39m [33m                                     (Main.kt:731)[0;39m DESC_EDITOR_WIDTH widthListener.saved stored=582.0 ignore=false stage=982.0 pane=956.0 desc=582.0 table=366.0 dividerWidth=6.0 items=2 divider=0.3867924528301887
23:24:12.859 [34mINFO [0;39m [32m[JavaFX Appli][0;39m [33m                                     (Main.kt:731)[0;39m DESC_EDITOR_WIDTH widthListener.saved stored=578.0 ignore=false stage=982.0 pane=956.0 desc=578.0 table=370.0 dividerWidth=6.0 items=2 divider=0.3909853249475891
23:24:12.876 [34mINFO [0;39m [32m[JavaFX Appli][0;39m [33m                                     (Main.kt:731)[0;39m DESC_EDITOR_WIDTH widthListener.saved stored=573.0 ignore=false stage=982.0 pane=956.0 desc=573.0 table=375.0 dividerWidth=6.0 items=2 divider=0.39622641509433965
23:24:12.892 [34mINFO [0;39m [32m[JavaFX Appli][0;39m [33m                                     (Main.kt:731)[0;39m DESC_EDITOR_WIDTH widthListener.saved stored=569.0 ignore=false stage=982.0 pane=956.0 desc=569.0 table=379.0 dividerWidth=6.0 items=2 divider=0.40041928721174
23:24:12.908 [34mINFO [0;39m [32m[JavaFX Appli][0;39m [33m                                     (Main.kt:731)[0;39m DESC_EDITOR_WIDTH widthListener.saved stored=566.0 ignore=false stage=982.0 pane=956.0 desc=566.0 table=382.0 dividerWidth=6.0 items=2 divider=0.40356394129979034
23:24:12.924 [34mINFO [0;39m [32m[JavaFX Appli][0;39m [33m                                     (Main.kt:731)[0;39m DESC_EDITOR_WIDTH widthListener.saved stored=562.0 ignore=false stage=982.0 pane=956.0 desc=562.0 table=386.0 dividerWidth=6.0 items=2 divider=0.4077568134171908
23:24:12.939 [34mINFO [0;39m [32m[JavaFX Appli][0;39m [33m                                     (Main.kt:731)[0;39m DESC_EDITOR_WIDTH widthListener.saved stored=558.0 ignore=false stage=982.0 pane=956.0 desc=558.0 table=390.0 dividerWidth=6.0 items=2 divider=0.4119496855345912
23:24:12.972 [34mINFO [0;39m [32m[JavaFX Appli][0;39m [33m                                     (Main.kt:731)[0;39m DESC_EDITOR_WIDTH widthListener.saved stored=547.0 ignore=false stage=982.0 pane=956.0 desc=547.0 table=401.0 dividerWidth=6.0 items=2 divider=0.42348008385744235
23:24:12.988 [34mINFO [0;39m [32m[JavaFX Appli][0;39m [33m                                     (Main.kt:731)[0;39m DESC_EDITOR_WIDTH widthListener.saved stored=543.0 ignore=false stage=982.0 pane=956.0 desc=543.0 table=405.0 dividerWidth=6.0 items=2 divider=0.4276729559748428
23:24:13.003 [34mINFO [0;39m [32m[JavaFX Appli][0;39m [33m                                     (Main.kt:731)[0;39m DESC_EDITOR_WIDTH widthListener.saved stored=539.0 ignore=false stage=982.0 pane=956.0 desc=539.0 table=409.0 dividerWidth=6.0 items=2 divider=0.43186582809224316
23:24:13.019 [34mINFO [0;39m [32m[JavaFX Appli][0;39m [33m                                     (Main.kt:731)[0;39m DESC_EDITOR_WIDTH widthListener.saved stored=533.0 ignore=false stage=982.0 pane=956.0 desc=533.0 table=415.0 dividerWidth=6.0 items=2 divider=0.4381551362683438
23:24:13.036 [34mINFO [0;39m [32m[JavaFX Appli][0;39m [33m                                     (Main.kt:731)[0;39m DESC_EDITOR_WIDTH widthListener.saved stored=522.0 ignore=false stage=982.0 pane=956.0 desc=522.0 table=426.0 dividerWidth=6.0 items=2 divider=0.449685534591195
23:24:13.052 [34mINFO [0;39m [32m[JavaFX Appli][0;39m [33m                                     (Main.kt:731)[0;39m DESC_EDITOR_WIDTH widthListener.saved stored=511.0 ignore=false stage=982.0 pane=956.0 desc=511.0 table=437.0 dividerWidth=6.0 items=2 divider=0.4612159329140461
23:24:13.068 [34mINFO [0;39m [32m[JavaFX Appli][0;39m [33m                                     (Main.kt:731)[0;39m DESC_EDITOR_WIDTH widthListener.saved stored=505.0 ignore=false stage=982.0 pane=956.0 desc=505.0 table=443.0 dividerWidth=6.0 items=2 divider=0.46750524109014674
23:24:13.084 [34mINFO [0;39m [32m[JavaFX Appli][0;39m [33m                                     (Main.kt:731)[0;39m DESC_EDITOR_WIDTH widthListener.saved stored=499.0 ignore=false stage=982.0 pane=956.0 desc=499.0 table=449.0 dividerWidth=6.0 items=2 divider=0.47379454926624737
23:24:13.100 [34mINFO [0;39m [32m[JavaFX Appli][0;39m [33m                                     (Main.kt:731)[0;39m DESC_EDITOR_WIDTH widthListener.saved stored=491.0 ignore=false stage=982.0 pane=956.0 desc=491.0 table=457.0 dividerWidth=6.0 items=2 divider=0.48218029350104824
23:24:13.115 [34mINFO [0;39m [32m[JavaFX Appli][0;39m [33m                                     (Main.kt:731)[0;39m DESC_EDITOR_WIDTH widthListener.saved stored=481.0 ignore=false stage=982.0 pane=956.0 desc=481.0 table=467.0 dividerWidth=6.0 items=2 divider=0.49266247379454925
23:24:13.131 [34mINFO [0;39m [32m[JavaFX Appli][0;39m [33m                                     (Main.kt:731)[0;39m DESC_EDITOR_WIDTH widthListener.saved stored=472.0 ignore=false stage=982.0 pane=956.0 desc=472.0 table=476.0 dividerWidth=6.0 items=2 divider=0.5020964360587002
23:24:13.147 [34mINFO [0;39m [32m[JavaFX Appli][0;39m [33m                                     (Main.kt:731)[0;39m DESC_EDITOR_WIDTH widthListener.saved stored=466.0 ignore=false stage=982.0 pane=956.0 desc=466.0 table=482.0 dividerWidth=6.0 items=2 divider=0.5083857442348009
23:24:13.164 [34mINFO [0;39m [32m[JavaFX Appli][0;39m [33m                                     (Main.kt:731)[0;39m DESC_EDITOR_WIDTH widthListener.saved stored=460.0 ignore=false stage=982.0 pane=956.0 desc=460.0 table=488.0 dividerWidth=6.0 items=2 divider=0.5146750524109015
23:24:13.180 [34mINFO [0;39m [32m[JavaFX Appli][0;39m [33m                                     (Main.kt:731)[0;39m DESC_EDITOR_WIDTH widthListener.saved stored=457.0 ignore=false stage=982.0 pane=956.0 desc=457.0 table=491.0 dividerWidth=6.0 items=2 divider=0.5178197064989518
23:24:13.195 [34mINFO [0;39m [32m[JavaFX Appli][0;39m [33m                                     (Main.kt:731)[0;39m DESC_EDITOR_WIDTH widthListener.saved stored=452.0 ignore=false stage=982.0 pane=956.0 desc=452.0 table=496.0 dividerWidth=6.0 items=2 divider=0.5230607966457023
23:24:13.211 [34mINFO [0;39m [32m[JavaFX Appli][0;39m [33m                                     (Main.kt:731)[0;39m DESC_EDITOR_WIDTH widthListener.saved stored=449.0 ignore=false stage=982.0 pane=956.0 desc=449.0 table=499.0 dividerWidth=6.0 items=2 divider=0.5262054507337526
23:24:13.227 [34mINFO [0;39m [32m[JavaFX Appli][0;39m [33m                                     (Main.kt:731)[0;39m DESC_EDITOR_WIDTH widthListener.saved stored=444.0 ignore=false stage=982.0 pane=956.0 desc=444.0 table=504.0 dividerWidth=6.0 items=2 divider=0.5314465408805031
23:24:13.244 [34mINFO [0;39m [32m[JavaFX Appli][0;39m [33m                                     (Main.kt:731)[0;39m DESC_EDITOR_WIDTH widthListener.saved stored=440.0 ignore=false stage=982.0 pane=956.0 desc=440.0 table=508.0 dividerWidth=6.0 items=2 divider=0.5356394129979035
23:24:13.260 [34mINFO [0;39m [32m[JavaFX Appli][0;39m [33m                                     (Main.kt:731)[0;39m DESC_EDITOR_WIDTH widthListener.saved stored=434.0 ignore=false stage=982.0 pane=956.0 desc=434.0 table=514.0 dividerWidth=6.0 items=2 divider=0.5419287211740041
23:24:13.275 [34mINFO [0;39m [32m[JavaFX Appli][0;39m [33m                                     (Main.kt:731)[0;39m DESC_EDITOR_WIDTH widthListener.saved stored=430.0 ignore=false stage=982.0 pane=956.0 desc=430.0 table=518.0 dividerWidth=6.0 items=2 divider=0.5461215932914046
23:24:13.291 [34mINFO [0;39m [32m[JavaFX Appli][0;39m [33m                                     (Main.kt:731)[0;39m DESC_EDITOR_WIDTH widthListener.saved stored=425.0 ignore=false stage=982.0 pane=956.0 desc=425.0 table=523.0 dividerWidth=6.0 items=2 divider=0.5513626834381551
23:24:13.307 [34mINFO [0;39m [32m[JavaFX Appli][0;39m [33m                                     (Main.kt:731)[0;39m DESC_EDITOR_WIDTH widthListener.saved stored=419.0 ignore=false stage=982.0 pane=956.0 desc=419.0 table=529.0 dividerWidth=6.0 items=2 divider=0.5576519916142557
23:24:13.324 [34mINFO [0;39m [32m[JavaFX Appli][0;39m [33m                                     (Main.kt:731)[0;39m DESC_EDITOR_WIDTH widthListener.saved stored=412.0 ignore=false stage=982.0 pane=956.0 desc=412.0 table=536.0 dividerWidth=6.0 items=2 divider=0.5649895178197065
23:24:13.339 [34mINFO [0;39m [32m[JavaFX Appli][0;39m [33m                                     (Main.kt:731)[0;39m DESC_EDITOR_WIDTH widthListener.saved stored=406.0 ignore=false stage=982.0 pane=956.0 desc=406.0 table=542.0 dividerWidth=6.0 items=2 divider=0.5712788259958071
23:24:13.355 [34mINFO [0;39m [32m[JavaFX Appli][0;39m [33m                                     (Main.kt:731)[0;39m DESC_EDITOR_WIDTH widthListener.saved stored=403.0 ignore=false stage=982.0 pane=956.0 desc=403.0 table=545.0 dividerWidth=6.0 items=2 divider=0.5744234800838575
23:24:13.387 [34mINFO [0;39m [32m[JavaFX Appli][0;39m [33m                                     (Main.kt:731)[0;39m DESC_EDITOR_WIDTH widthListener.saved stored=397.0 ignore=false stage=982.0 pane=956.0 desc=397.0 table=551.0 dividerWidth=6.0 items=2 divider=0.5807127882599581
23:24:13.404 [34mINFO [0;39m [32m[JavaFX Appli][0;39m [33m                                     (Main.kt:731)[0;39m DESC_EDITOR_WIDTH widthListener.saved stored=393.0 ignore=false stage=982.0 pane=956.0 desc=393.0 table=555.0 dividerWidth=6.0 items=2 divider=0.5849056603773585
23:24:13.420 [34mINFO [0;39m [32m[JavaFX Appli][0;39m [33m                                     (Main.kt:731)[0;39m DESC_EDITOR_WIDTH widthListener.saved stored=389.0 ignore=false stage=982.0 pane=956.0 desc=389.0 table=559.0 dividerWidth=6.0 items=2 divider=0.589098532494759
23:24:13.434 [34mINFO [0;39m [32m[JavaFX Appli][0;39m [33m                                     (Main.kt:731)[0;39m DESC_EDITOR_WIDTH widthListener.saved stored=385.0 ignore=false stage=982.0 pane=956.0 desc=385.0 table=563.0 dividerWidth=6.0 items=2 divider=0.5932914046121593
23:24:13.451 [34mINFO [0;39m [32m[JavaFX Appli][0;39m [33m                                     (Main.kt:731)[0;39m DESC_EDITOR_WIDTH widthListener.saved stored=383.0 ignore=false stage=982.0 pane=956.0 desc=383.0 table=565.0 dividerWidth=6.0 items=2 divider=0.5953878406708596
23:24:13.468 [34mINFO [0;39m [32m[JavaFX Appli][0;39m [33m                                     (Main.kt:731)[0;39m DESC_EDITOR_WIDTH widthListener.saved stored=382.0 ignore=false stage=982.0 pane=956.0 desc=382.0 table=566.0 dividerWidth=6.0 items=2 divider=0.5964360587002097
23:24:13.483 [34mINFO [0;39m [32m[JavaFX Appli][0;39m [33m                                     (Main.kt:731)[0;39m DESC_EDITOR_WIDTH widthListener.saved stored=381.0 ignore=false stage=982.0 pane=956.0 desc=381.0 table=567.0 dividerWidth=6.0 items=2 divider=0.5974842767295597
23:24:13.499 [34mINFO [0;39m [32m[JavaFX Appli][0;39m [33m                                     (Main.kt:731)[0;39m DESC_EDITOR_WIDTH widthListener.saved stored=379.0 ignore=false stage=982.0 pane=956.0 desc=379.0 table=569.0 dividerWidth=6.0 items=2 divider=0.59958071278826
23:24:13.516 [34mINFO [0;39m [32m[JavaFX Appli][0;39m [33m                                     (Main.kt:731)[0;39m DESC_EDITOR_WIDTH widthListener.saved stored=378.0 ignore=false stage=982.0 pane=956.0 desc=378.0 table=570.0 dividerWidth=6.0 items=2 divider=0.60062893081761
23:24:13.532 [34mINFO [0;39m [32m[JavaFX Appli][0;39m [33m                                     (Main.kt:731)[0;39m DESC_EDITOR_WIDTH widthListener.saved stored=377.0 ignore=false stage=982.0 pane=956.0 desc=377.0 table=571.0 dividerWidth=6.0 items=2 divider=0.6016771488469602
23:24:13.548 [34mINFO [0;39m [32m[JavaFX Appli][0;39m [33m                                     (Main.kt:731)[0;39m DESC_EDITOR_WIDTH widthListener.saved stored=376.0 ignore=false stage=982.0 pane=956.0 desc=376.0 table=572.0 dividerWidth=6.0 items=2 divider=0.6027253668763103
23:24:13.563 [34mINFO [0;39m [32m[JavaFX Appli][0;39m [33m                                     (Main.kt:731)[0;39m DESC_EDITOR_WIDTH widthListener.saved stored=375.0 ignore=false stage=982.0 pane=956.0 desc=375.0 table=573.0 dividerWidth=6.0 items=2 divider=0.6037735849056604
23:24:13.771 [34mINFO [0;39m [32m[JavaFX Appli][0;39m [33m                                     (Main.kt:731)[0;39m DESC_EDITOR_WIDTH widthListener.saved stored=379.0 ignore=false stage=982.0 pane=956.0 desc=379.0 table=569.0 dividerWidth=6.0 items=2 divider=0.59958071278826
23:24:13.787 [34mINFO [0;39m [32m[JavaFX Appli][0;39m [33m                                     (Main.kt:731)[0;39m DESC_EDITOR_WIDTH widthListener.saved stored=388.0 ignore=false stage=982.0 pane=956.0 desc=388.0 table=560.0 dividerWidth=6.0 items=2 divider=0.590146750524109
23:24:13.804 [34mINFO [0;39m [32m[JavaFX Appli][0;39m [33m                                     (Main.kt:731)[0;39m DESC_EDITOR_WIDTH widthListener.saved stored=402.0 ignore=false stage=982.0 pane=956.0 desc=402.0 table=546.0 dividerWidth=6.0 items=2 divider=0.5754716981132075
23:24:13.820 [34mINFO [0;39m [32m[JavaFX Appli][0;39m [33m                                     (Main.kt:731)[0;39m DESC_EDITOR_WIDTH widthListener.saved stored=418.0 ignore=false stage=982.0 pane=956.0 desc=418.0 table=530.0 dividerWidth=6.0 items=2 divider=0.5587002096436059
23:24:13.835 [34mINFO [0;39m [32m[JavaFX Appli][0;39m [33m                                     (Main.kt:731)[0;39m DESC_EDITOR_WIDTH widthListener.saved stored=435.0 ignore=false stage=982.0 pane=956.0 desc=435.0 table=513.0 dividerWidth=6.0 items=2 divider=0.5408805031446541
23:24:13.852 [34mINFO [0;39m [32m[JavaFX Appli][0;39m [33m                                     (Main.kt:731)[0;39m DESC_EDITOR_WIDTH widthListener.saved stored=448.0 ignore=false stage=982.0 pane=956.0 desc=448.0 table=500.0 dividerWidth=6.0 items=2 divider=0.5272536687631028
23:24:13.867 [34mINFO [0;39m [32m[JavaFX Appli][0;39m [33m                                     (Main.kt:731)[0;39m DESC_EDITOR_WIDTH widthListener.saved stored=455.0 ignore=false stage=982.0 pane=956.0 desc=455.0 table=493.0 dividerWidth=6.0 items=2 divider=0.519916142557652
23:24:13.873 [34mINFO [0;39m [32m[JavaFX Appli][0;39m [33m                                     (Main.kt:731)[0;39m DESC_EDITOR_WIDTH widthListener.saved stored=457.0 ignore=false stage=982.0 pane=956.0 desc=457.0 table=491.0 dividerWidth=6.0 items=2 divider=0.5178197064989518
23:24:13.884 [34mINFO [0;39m [32m[JavaFX Appli][0;39m [33m                                     (Main.kt:731)[0;39m DESC_EDITOR_WIDTH widthListener.saved stored=458.0 ignore=false stage=982.0 pane=956.0 desc=458.0 table=490.0 dividerWidth=6.0 items=2 divider=0.5167714884696016
23:24:13.900 [34mINFO [0;39m [32m[JavaFX Appli][0;39m [33m                                     (Main.kt:731)[0;39m DESC_EDITOR_WIDTH widthListener.saved stored=462.0 ignore=false stage=982.0 pane=956.0 desc=462.0 table=486.0 dividerWidth=6.0 items=2 divider=0.5125786163522013
23:24:13.915 [34mINFO [0;39m [32m[JavaFX Appli][0;39m [33m                                     (Main.kt:731)[0;39m DESC_EDITOR_WIDTH widthListener.saved stored=469.0 ignore=false stage=982.0 pane=956.0 desc=469.0 table=479.0 dividerWidth=6.0 items=2 divider=0.5052410901467506
23:24:13.931 [34mINFO [0;39m [32m[JavaFX Appli][0;39m [33m                                     (Main.kt:731)[0;39m DESC_EDITOR_WIDTH widthListener.saved stored=483.0 ignore=false stage=982.0 pane=956.0 desc=483.0 table=465.0 dividerWidth=6.0 items=2 divider=0.49056603773584906
23:24:13.947 [34mINFO [0;39m [32m[JavaFX Appli][0;39m [33m                                     (Main.kt:731)[0;39m DESC_EDITOR_WIDTH widthListener.saved stored=497.0 ignore=false stage=982.0 pane=956.0 desc=497.0 table=451.0 dividerWidth=6.0 items=2 divider=0.4758909853249476
23:24:13.963 [34mINFO [0;39m [32m[JavaFX Appli][0;39m [33m                                     (Main.kt:731)[0;39m DESC_EDITOR_WIDTH widthListener.saved stored=506.0 ignore=false stage=982.0 pane=956.0 desc=506.0 table=442.0 dividerWidth=6.0 items=2 divider=0.46645702306079667
23:24:13.981 [34mINFO [0;39m [32m[JavaFX Appli][0;39m [33m                                     (Main.kt:731)[0;39m DESC_EDITOR_WIDTH widthListener.saved stored=515.0 ignore=false stage=982.0 pane=956.0 desc=515.0 table=433.0 dividerWidth=6.0 items=2 divider=0.4570230607966457
23:24:13.996 [34mINFO [0;39m [32m[JavaFX Appli][0;39m [33m                                     (Main.kt:731)[0;39m DESC_EDITOR_WIDTH widthListener.saved stored=516.0 ignore=false stage=982.0 pane=956.0 desc=516.0 table=432.0 dividerWidth=6.0 items=2 divider=0.4559748427672956
23:24:17.276 [34mINFO [0;39m [32m[JavaFX Appli][0;39m [33m                                     (Main.kt:731)[0;39m DESC_EDITOR_WIDTH widthListener.saved stored=496.0 ignore=false stage=982.0 pane=956.0 desc=496.0 table=452.0 dividerWidth=6.0 items=2 divider=0.4769392033542977
23:24:17.289 [34mINFO [0;39m [32m[JavaFX Appli][0;39m [33m                                     (Main.kt:731)[0;39m DESC_EDITOR_WIDTH widthListener.saved stored=481.0 ignore=false stage=982.0 pane=956.0 desc=481.0 table=467.0 dividerWidth=6.0 items=2 divider=0.49266247379454925
23:24:17.292 [34mINFO [0;39m [32m[JavaFX Appli][0;39m [33m                                     (Main.kt:731)[0;39m DESC_EDITOR_WIDTH widthListener.saved stored=466.0 ignore=false stage=982.0 pane=956.0 desc=466.0 table=482.0 dividerWidth=6.0 items=2 divider=0.5083857442348009
23:24:17.307 [34mINFO [0;39m [32m[JavaFX Appli][0;39m [33m                                     (Main.kt:731)[0;39m DESC_EDITOR_WIDTH widthListener.saved stored=439.0 ignore=false stage=982.0 pane=956.0 desc=439.0 table=509.0 dividerWidth=6.0 items=2 divider=0.5366876310272537
23:24:17.323 [34mINFO [0;39m [32m[JavaFX Appli][0;39m [33m                                     (Main.kt:731)[0;39m DESC_EDITOR_WIDTH widthListener.saved stored=409.0 ignore=false stage=982.0 pane=956.0 desc=409.0 table=539.0 dividerWidth=6.0 items=2 divider=0.5681341719077568
23:24:17.342 [34mINFO [0;39m [32m[JavaFX Appli][0;39m [33m                                     (Main.kt:731)[0;39m DESC_EDITOR_WIDTH widthListener.saved stored=380.0 ignore=false stage=982.0 pane=956.0 desc=380.0 table=568.0 dividerWidth=6.0 items=2 divider=0.5985324947589099
23:24:17.356 [34mINFO [0;39m [32m[JavaFX Appli][0;39m [33m                                     (Main.kt:731)[0;39m DESC_EDITOR_WIDTH widthListener.saved stored=355.0 ignore=false stage=982.0 pane=956.0 desc=355.0 table=593.0 dividerWidth=6.0 items=2 divider=0.6247379454926625
23:24:17.387 [34mINFO [0;39m [32m[JavaFX Appli][0;39m [33m                                     (Main.kt:731)[0;39m DESC_EDITOR_WIDTH widthListener.saved stored=316.0 ignore=false stage=982.0 pane=956.0 desc=316.0 table=632.0 dividerWidth=6.0 items=2 divider=0.6656184486373166
23:24:17.404 [34mINFO [0;39m [32m[JavaFX Appli][0;39m [33m                                     (Main.kt:731)[0;39m DESC_EDITOR_WIDTH widthListener.saved stored=304.0 ignore=false stage=982.0 pane=956.0 desc=304.0 table=644.0 dividerWidth=6.0 items=2 divider=0.6781970649895178
23:24:17.420 [34mINFO [0;39m [32m[JavaFX Appli][0;39m [33m                                     (Main.kt:731)[0;39m DESC_EDITOR_WIDTH widthListener.saved stored=300.0 ignore=false stage=982.0 pane=956.0 desc=300.0 table=648.0 dividerWidth=6.0 items=2 divider=0.6823899371069182
23:24:17.963 [34mINFO [0;39m [32m[JavaFX Appli][0;39m [33m                                     (Main.kt:731)[0;39m DESC_EDITOR_WIDTH widthListener.saved stored=323.0 ignore=false stage=982.0 pane=956.0 desc=323.0 table=625.0 dividerWidth=6.0 items=2 divider=0.6582809224318659
23:24:17.979 [34mINFO [0;39m [32m[JavaFX Appli][0;39m [33m                                     (Main.kt:731)[0;39m DESC_EDITOR_WIDTH widthListener.saved stored=347.0 ignore=false stage=982.0 pane=956.0 desc=347.0 table=601.0 dividerWidth=6.0 items=2 divider=0.6331236897274634
23:24:17.996 [34mINFO [0;39m [32m[JavaFX Appli][0;39m [33m                                     (Main.kt:731)[0;39m DESC_EDITOR_WIDTH widthListener.saved stored=371.0 ignore=false stage=982.0 pane=956.0 desc=371.0 table=577.0 dividerWidth=6.0 items=2 divider=0.6079664570230608
23:24:18.004 [34mINFO [0;39m [32m[JavaFX Appli][0;39m [33m                                     (Main.kt:731)[0;39m DESC_EDITOR_WIDTH widthListener.saved stored=389.0 ignore=false stage=982.0 pane=956.0 desc=389.0 table=559.0 dividerWidth=6.0 items=2 divider=0.589098532494759
23:24:18.021 [34mINFO [0;39m [32m[JavaFX Appli][0;39m [33m                                     (Main.kt:731)[0;39m DESC_EDITOR_WIDTH widthListener.saved stored=401.0 ignore=false stage=982.0 pane=956.0 desc=401.0 table=547.0 dividerWidth=6.0 items=2 divider=0.5765199161425576
23:24:18.039 [34mINFO [0;39m [32m[JavaFX Appli][0;39m [33m                                     (Main.kt:731)[0;39m DESC_EDITOR_WIDTH widthListener.saved stored=406.0 ignore=false stage=982.0 pane=956.0 desc=406.0 table=542.0 dividerWidth=6.0 items=2 divider=0.5712788259958071
23:24:18.044 [34mINFO [0;39m [32m[JavaFX Appli][0;39m [33m                                     (Main.kt:731)[0;39m DESC_EDITOR_WIDTH widthListener.saved stored=408.0 ignore=false stage=982.0 pane=956.0 desc=408.0 table=540.0 dividerWidth=6.0 items=2 divider=0.5691823899371069
23:24:18.060 [34mINFO [0;39m [32m[JavaFX Appli][0;39m [33m                                     (Main.kt:731)[0;39m DESC_EDITOR_WIDTH widthListener.saved stored=412.0 ignore=false stage=982.0 pane=956.0 desc=412.0 table=536.0 dividerWidth=6.0 items=2 divider=0.5649895178197065
23:24:18.076 [34mINFO [0;39m [32m[JavaFX Appli][0;39m [33m                                     (Main.kt:731)[0;39m DESC_EDITOR_WIDTH widthListener.saved stored=418.0 ignore=false stage=982.0 pane=956.0 desc=418.0 table=530.0 dividerWidth=6.0 items=2 divider=0.5587002096436059
23:24:18.092 [34mINFO [0;39m [32m[JavaFX Appli][0;39m [33m                                     (Main.kt:731)[0;39m DESC_EDITOR_WIDTH widthListener.saved stored=425.0 ignore=false stage=982.0 pane=956.0 desc=425.0 table=523.0 dividerWidth=6.0 items=2 divider=0.5513626834381551
23:24:18.107 [34mINFO [0;39m [32m[JavaFX Appli][0;39m [33m                                     (Main.kt:731)[0;39m DESC_EDITOR_WIDTH widthListener.saved stored=431.0 ignore=false stage=982.0 pane=956.0 desc=431.0 table=517.0 dividerWidth=6.0 items=2 divider=0.5450733752620545
23:24:18.123 [34mINFO [0;39m [32m[JavaFX Appli][0;39m [33m                                     (Main.kt:731)[0;39m DESC_EDITOR_WIDTH widthListener.saved stored=437.0 ignore=false stage=982.0 pane=956.0 desc=437.0 table=511.0 dividerWidth=6.0 items=2 divider=0.5387840670859538
23:24:18.139 [34mINFO [0;39m [32m[JavaFX Appli][0;39m [33m                                     (Main.kt:731)[0;39m DESC_EDITOR_WIDTH widthListener.saved stored=442.0 ignore=false stage=982.0 pane=956.0 desc=442.0 table=506.0 dividerWidth=6.0 items=2 divider=0.5335429769392034
23:24:18.156 [34mINFO [0;39m [32m[JavaFX Appli][0;39m [33m                                     (Main.kt:731)[0;39m DESC_EDITOR_WIDTH widthListener.saved stored=447.0 ignore=false stage=982.0 pane=956.0 desc=447.0 table=501.0 dividerWidth=6.0 items=2 divider=0.5283018867924528
23:24:18.188 [34mINFO [0;39m [32m[JavaFX Appli][0;39m [33m                                     (Main.kt:731)[0;39m DESC_EDITOR_WIDTH widthListener.saved stored=463.0 ignore=false stage=982.0 pane=956.0 desc=463.0 table=485.0 dividerWidth=6.0 items=2 divider=0.5115303983228512
23:24:18.204 [34mINFO [0;39m [32m[JavaFX Appli][0;39m [33m                                     (Main.kt:731)[0;39m DESC_EDITOR_WIDTH widthListener.saved stored=472.0 ignore=false stage=982.0 pane=956.0 desc=472.0 table=476.0 dividerWidth=6.0 items=2 divider=0.5020964360587002
23:24:18.220 [34mINFO [0;39m [32m[JavaFX Appli][0;39m [33m                                     (Main.kt:731)[0;39m DESC_EDITOR_WIDTH widthListener.saved stored=480.0 ignore=false stage=982.0 pane=956.0 desc=480.0 table=468.0 dividerWidth=6.0 items=2 divider=0.4937106918238994
23:24:18.235 [34mINFO [0;39m [32m[JavaFX Appli][0;39m [33m                                     (Main.kt:731)[0;39m DESC_EDITOR_WIDTH widthListener.saved stored=485.0 ignore=false stage=982.0 pane=956.0 desc=485.0 table=463.0 dividerWidth=6.0 items=2 divider=0.48846960167714887
23:24:18.252 [34mINFO [0;39m [32m[JavaFX Appli][0;39m [33m                                     (Main.kt:731)[0;39m DESC_EDITOR_WIDTH widthListener.saved stored=491.0 ignore=false stage=982.0 pane=956.0 desc=491.0 table=457.0 dividerWidth=6.0 items=2 divider=0.48218029350104824
23:24:18.267 [34mINFO [0;39m [32m[JavaFX Appli][0;39m [33m                                     (Main.kt:731)[0;39m DESC_EDITOR_WIDTH widthListener.saved stored=496.0 ignore=false stage=982.0 pane=956.0 desc=496.0 table=452.0 dividerWidth=6.0 items=2 divider=0.4769392033542977
23:24:18.285 [34mINFO [0;39m [32m[JavaFX Appli][0;39m [33m                                     (Main.kt:731)[0;39m DESC_EDITOR_WIDTH widthListener.saved stored=498.0 ignore=false stage=982.0 pane=956.0 desc=498.0 table=450.0 dividerWidth=6.0 items=2 divider=0.4748427672955975
23:24:18.300 [34mINFO [0;39m [32m[JavaFX Appli][0;39m [33m                                     (Main.kt:731)[0;39m DESC_EDITOR_WIDTH widthListener.saved stored=499.0 ignore=false stage=982.0 pane=956.0 desc=499.0 table=449.0 dividerWidth=6.0 items=2 divider=0.47379454926624737
23:24:18.363 [34mINFO [0;39m [32m[JavaFX Appli][0;39m [33m                                     (Main.kt:731)[0;39m DESC_EDITOR_WIDTH widthListener.saved stored=500.0 ignore=false stage=982.0 pane=956.0 desc=500.0 table=448.0 dividerWidth=6.0 items=2 divider=0.4727463312368973
23:24:19.788 [34mINFO [0;39m [32m[JavaFX Appli][0;39m [33m                                     (Main.kt:731)[0;39m DESC_EDITOR_WIDTH widthListener.saved stored=496.0 ignore=false stage=982.0 pane=956.0 desc=496.0 table=452.0 dividerWidth=6.0 items=2 divider=0.4769392033542977
23:24:19.791 [34mINFO [0;39m [32m[JavaFX Appli][0;39m [33m                                     (Main.kt:731)[0;39m DESC_EDITOR_WIDTH widthListener.saved stored=493.0 ignore=false stage=982.0 pane=956.0 desc=493.0 table=455.0 dividerWidth=6.0 items=2 divider=0.480083857442348
23:24:19.803 [34mINFO [0;39m [32m[JavaFX Appli][0;39m [33m                                     (Main.kt:731)[0;39m DESC_EDITOR_WIDTH widthListener.saved stored=489.0 ignore=false stage=982.0 pane=956.0 desc=489.0 table=459.0 dividerWidth=6.0 items=2 divider=0.48427672955974843
23:24:19.821 [34mINFO [0;39m [32m[JavaFX Appli][0;39m [33m                                     (Main.kt:731)[0;39m DESC_EDITOR_WIDTH widthListener.saved stored=482.0 ignore=false stage=982.0 pane=956.0 desc=482.0 table=466.0 dividerWidth=6.0 items=2 divider=0.4916142557651992
23:24:19.836 [34mINFO [0;39m [32m[JavaFX Appli][0;39m [33m                                     (Main.kt:731)[0;39m DESC_EDITOR_WIDTH widthListener.saved stored=474.0 ignore=false stage=982.0 pane=956.0 desc=474.0 table=474.0 dividerWidth=6.0 items=2 divider=0.5
23:24:19.851 [34mINFO [0;39m [32m[JavaFX Appli][0;39m [33m                                     (Main.kt:731)[0;39m DESC_EDITOR_WIDTH widthListener.saved stored=469.0 ignore=false stage=982.0 pane=956.0 desc=469.0 table=479.0 dividerWidth=6.0 items=2 divider=0.5052410901467506
23:24:19.867 [34mINFO [0;39m [32m[JavaFX Appli][0;39m [33m                                     (Main.kt:731)[0;39m DESC_EDITOR_WIDTH widthListener.saved stored=465.0 ignore=false stage=982.0 pane=956.0 desc=465.0 table=483.0 dividerWidth=6.0 items=2 divider=0.5094339622641509
23:24:19.911 [34mINFO [0;39m [32m[JavaFX Appli][0;39m [33m                                     (Main.kt:731)[0;39m DESC_EDITOR_WIDTH widthListener.saved stored=441.0 ignore=false stage=982.0 pane=956.0 desc=441.0 table=507.0 dividerWidth=6.0 items=2 divider=0.5345911949685535
23:24:19.930 [34mINFO [0;39m [32m[JavaFX Appli][0;39m [33m                                     (Main.kt:731)[0;39m DESC_EDITOR_WIDTH widthListener.saved stored=418.0 ignore=false stage=982.0 pane=956.0 desc=418.0 table=530.0 dividerWidth=6.0 items=2 divider=0.5587002096436059
23:24:19.938 [34mINFO [0;39m [32m[JavaFX Appli][0;39m [33m                                     (Main.kt:731)[0;39m DESC_EDITOR_WIDTH widthListener.saved stored=411.0 ignore=false stage=982.0 pane=956.0 desc=411.0 table=537.0 dividerWidth=6.0 items=2 divider=0.5660377358490566
23:24:19.947 [34mINFO [0;39m [32m[JavaFX Appli][0;39m [33m                                     (Main.kt:731)[0;39m DESC_EDITOR_WIDTH widthListener.saved stored=406.0 ignore=false stage=982.0 pane=956.0 desc=406.0 table=542.0 dividerWidth=6.0 items=2 divider=0.5712788259958071
23:24:19.962 [34mINFO [0;39m [32m[JavaFX Appli][0;39m [33m                                     (Main.kt:731)[0;39m DESC_EDITOR_WIDTH widthListener.saved stored=396.0 ignore=false stage=982.0 pane=956.0 desc=396.0 table=552.0 dividerWidth=6.0 items=2 divider=0.5817610062893082
23:24:19.980 [34mINFO [0;39m [32m[JavaFX Appli][0;39m [33m                                     (Main.kt:731)[0;39m DESC_EDITOR_WIDTH widthListener.saved stored=390.0 ignore=false stage=982.0 pane=956.0 desc=390.0 table=558.0 dividerWidth=6.0 items=2 divider=0.5880503144654088
23:24:19.995 [34mINFO [0;39m [32m[JavaFX Appli][0;39m [33m                                     (Main.kt:731)[0;39m DESC_EDITOR_WIDTH widthListener.saved stored=384.0 ignore=false stage=982.0 pane=956.0 desc=384.0 table=564.0 dividerWidth=6.0 items=2 divider=0.5943396226415094
23:24:20.011 [34mINFO [0;39m [32m[JavaFX Appli][0;39m [33m                                     (Main.kt:731)[0;39m DESC_EDITOR_WIDTH widthListener.saved stored=380.0 ignore=false stage=982.0 pane=956.0 desc=380.0 table=568.0 dividerWidth=6.0 items=2 divider=0.5985324947589099
23:24:20.027 [34mINFO [0;39m [32m[JavaFX Appli][0;39m [33m                                     (Main.kt:731)[0;39m DESC_EDITOR_WIDTH widthListener.saved stored=379.0 ignore=false stage=982.0 pane=956.0 desc=379.0 table=569.0 dividerWidth=6.0 items=2 divider=0.59958071278826
23:24:20.044 [34mINFO [0;39m [32m[JavaFX Appli][0;39m [33m                                     (Main.kt:731)[0;39m DESC_EDITOR_WIDTH widthListener.saved stored=377.0 ignore=false stage=982.0 pane=956.0 desc=377.0 table=571.0 dividerWidth=6.0 items=2 divider=0.6016771488469602
23:24:20.060 [34mINFO [0;39m [32m[JavaFX Appli][0;39m [33m                                     (Main.kt:731)[0;39m DESC_EDITOR_WIDTH widthListener.saved stored=374.0 ignore=false stage=982.0 pane=956.0 desc=374.0 table=574.0 dividerWidth=6.0 items=2 divider=0.6048218029350105
23:24:20.076 [34mINFO [0;39m [32m[JavaFX Appli][0;39m [33m                                     (Main.kt:731)[0;39m DESC_EDITOR_WIDTH widthListener.saved stored=366.0 ignore=false stage=982.0 pane=956.0 desc=366.0 table=582.0 dividerWidth=6.0 items=2 divider=0.6132075471698113
23:24:20.092 [34mINFO [0;39m [32m[JavaFX Appli][0;39m [33m                                     (Main.kt:731)[0;39m DESC_EDITOR_WIDTH widthListener.saved stored=355.0 ignore=false stage=982.0 pane=956.0 desc=355.0 table=593.0 dividerWidth=6.0 items=2 divider=0.6247379454926625
23:24:20.108 [34mINFO [0;39m [32m[JavaFX Appli][0;39m [33m                                     (Main.kt:731)[0;39m DESC_EDITOR_WIDTH widthListener.saved stored=344.0 ignore=false stage=982.0 pane=956.0 desc=344.0 table=604.0 dividerWidth=6.0 items=2 divider=0.6362683438155137
23:24:20.124 [34mINFO [0;39m [32m[JavaFX Appli][0;39m [33m                                     (Main.kt:731)[0;39m DESC_EDITOR_WIDTH widthListener.saved stored=333.0 ignore=false stage=982.0 pane=956.0 desc=333.0 table=615.0 dividerWidth=6.0 items=2 divider=0.6477987421383647
23:24:20.140 [34mINFO [0;39m [32m[JavaFX Appli][0;39m [33m                                     (Main.kt:731)[0;39m DESC_EDITOR_WIDTH widthListener.saved stored=323.0 ignore=false stage=982.0 pane=956.0 desc=323.0 table=625.0 dividerWidth=6.0 items=2 divider=0.6582809224318659
23:24:20.171 [34mINFO [0;39m [32m[JavaFX Appli][0;39m [33m                                     (Main.kt:731)[0;39m DESC_EDITOR_WIDTH widthListener.saved stored=311.0 ignore=false stage=982.0 pane=956.0 desc=311.0 table=637.0 dividerWidth=6.0 items=2 divider=0.6708595387840671
23:24:20.187 [34mINFO [0;39m [32m[JavaFX Appli][0;39m [33m                                     (Main.kt:731)[0;39m DESC_EDITOR_WIDTH widthListener.saved stored=304.0 ignore=false stage=982.0 pane=956.0 desc=304.0 table=644.0 dividerWidth=6.0 items=2 divider=0.6781970649895178
23:24:20.204 [34mINFO [0;39m [32m[JavaFX Appli][0;39m [33m                                     (Main.kt:731)[0;39m DESC_EDITOR_WIDTH widthListener.saved stored=300.0 ignore=false stage=982.0 pane=956.0 desc=300.0 table=648.0 dividerWidth=6.0 items=2 divider=0.6823899371069182
23:24:21.340 [34mINFO [0;39m [32m[JavaFX Appli][0;39m [33m                                     (Main.kt:731)[0;39m DESC_EDITOR_WIDTH widthListener.saved stored=306.0 ignore=false stage=982.0 pane=956.0 desc=306.0 table=642.0 dividerWidth=6.0 items=2 divider=0.6761006289308176
23:24:21.355 [34mINFO [0;39m [32m[JavaFX Appli][0;39m [33m                                     (Main.kt:731)[0;39m DESC_EDITOR_WIDTH widthListener.saved stored=328.0 ignore=false stage=982.0 pane=956.0 desc=328.0 table=620.0 dividerWidth=6.0 items=2 divider=0.6530398322851153
23:24:21.372 [34mINFO [0;39m [32m[JavaFX Appli][0;39m [33m                                     (Main.kt:731)[0;39m DESC_EDITOR_WIDTH widthListener.saved stored=359.0 ignore=false stage=982.0 pane=956.0 desc=359.0 table=589.0 dividerWidth=6.0 items=2 divider=0.6205450733752621
23:24:21.387 [34mINFO [0;39m [32m[JavaFX Appli][0;39m [33m                                     (Main.kt:731)[0;39m DESC_EDITOR_WIDTH widthListener.saved stored=393.0 ignore=false stage=982.0 pane=956.0 desc=393.0 table=555.0 dividerWidth=6.0 items=2 divider=0.5849056603773585
23:24:21.404 [34mINFO [0;39m [32m[JavaFX Appli][0;39m [33m                                     (Main.kt:731)[0;39m DESC_EDITOR_WIDTH widthListener.saved stored=420.0 ignore=false stage=982.0 pane=956.0 desc=420.0 table=528.0 dividerWidth=6.0 items=2 divider=0.5566037735849056
23:24:21.420 [34mINFO [0;39m [32m[JavaFX Appli][0;39m [33m                                     (Main.kt:731)[0;39m DESC_EDITOR_WIDTH widthListener.saved stored=437.0 ignore=false stage=982.0 pane=956.0 desc=437.0 table=511.0 dividerWidth=6.0 items=2 divider=0.5387840670859538
23:24:21.435 [34mINFO [0;39m [32m[JavaFX Appli][0;39m [33m                                     (Main.kt:731)[0;39m DESC_EDITOR_WIDTH widthListener.saved stored=444.0 ignore=false stage=982.0 pane=956.0 desc=444.0 table=504.0 dividerWidth=6.0 items=2 divider=0.5314465408805031
23:24:21.452 [34mINFO [0;39m [32m[JavaFX Appli][0;39m [33m                                     (Main.kt:731)[0;39m DESC_EDITOR_WIDTH widthListener.saved stored=445.0 ignore=false stage=982.0 pane=956.0 desc=445.0 table=503.0 dividerWidth=6.0 items=2 divider=0.5303983228511531
23:24:21.455 [34mINFO [0;39m [32m[JavaFX Appli][0;39m [33m                                     (Main.kt:731)[0;39m DESC_EDITOR_WIDTH widthListener.saved stored=446.0 ignore=false stage=982.0 pane=956.0 desc=446.0 table=502.0 dividerWidth=6.0 items=2 divider=0.5293501048218029
23:24:21.531 [34mINFO [0;39m [32m[JavaFX Appli][0;39m [33m                                     (Main.kt:731)[0;39m DESC_EDITOR_WIDTH widthListener.saved stored=453.0 ignore=false stage=982.0 pane=956.0 desc=453.0 table=495.0 dividerWidth=6.0 items=2 divider=0.5220125786163522
23:24:21.547 [34mINFO [0;39m [32m[JavaFX Appli][0;39m [33m                                     (Main.kt:731)[0;39m DESC_EDITOR_WIDTH widthListener.saved stored=471.0 ignore=false stage=982.0 pane=956.0 desc=471.0 table=477.0 dividerWidth=6.0 items=2 divider=0.5031446540880503
23:24:21.563 [34mINFO [0;39m [32m[JavaFX Appli][0;39m [33m                                     (Main.kt:731)[0;39m DESC_EDITOR_WIDTH widthListener.saved stored=488.0 ignore=false stage=982.0 pane=956.0 desc=488.0 table=460.0 dividerWidth=6.0 items=2 divider=0.48532494758909855
23:24:21.579 [34mINFO [0;39m [32m[JavaFX Appli][0;39m [33m                                     (Main.kt:731)[0;39m DESC_EDITOR_WIDTH widthListener.saved stored=506.0 ignore=false stage=982.0 pane=956.0 desc=506.0 table=442.0 dividerWidth=6.0 items=2 divider=0.46645702306079667
23:24:21.595 [34mINFO [0;39m [32m[JavaFX Appli][0;39m [33m                                     (Main.kt:731)[0;39m DESC_EDITOR_WIDTH widthListener.saved stored=522.0 ignore=false stage=982.0 pane=956.0 desc=522.0 table=426.0 dividerWidth=6.0 items=2 divider=0.449685534591195
23:24:21.612 [34mINFO [0;39m [32m[JavaFX Appli][0;39m [33m                                     (Main.kt:731)[0;39m DESC_EDITOR_WIDTH widthListener.saved stored=535.0 ignore=false stage=982.0 pane=956.0 desc=535.0 table=413.0 dividerWidth=6.0 items=2 divider=0.4360587002096436
23:24:21.615 [34mINFO [0;39m [32m[JavaFX Appli][0;39m [33m                                     (Main.kt:731)[0;39m DESC_EDITOR_WIDTH widthListener.saved stored=541.0 ignore=false stage=982.0 pane=956.0 desc=541.0 table=407.0 dividerWidth=6.0 items=2 divider=0.429769392033543
23:24:21.627 [34mINFO [0;39m [32m[JavaFX Appli][0;39m [33m                                     (Main.kt:731)[0;39m DESC_EDITOR_WIDTH widthListener.saved stored=546.0 ignore=false stage=982.0 pane=956.0 desc=546.0 table=402.0 dividerWidth=6.0 items=2 divider=0.42452830188679247
23:24:21.639 [34mINFO [0;39m [32m[JavaFX Appli][0;39m [33m                                     (Main.kt:731)[0;39m DESC_EDITOR_WIDTH widthListener.saved stored=549.0 ignore=false stage=982.0 pane=956.0 desc=549.0 table=399.0 dividerWidth=6.0 items=2 divider=0.42138364779874216
23:24:21.642 [34mINFO [0;39m [32m[JavaFX Appli][0;39m [33m                                     (Main.kt:731)[0;39m DESC_EDITOR_WIDTH widthListener.saved stored=551.0 ignore=false stage=982.0 pane=956.0 desc=551.0 table=397.0 dividerWidth=6.0 items=2 divider=0.4192872117400419
23:24:21.659 [34mINFO [0;39m [32m[JavaFX Appli][0;39m [33m                                     (Main.kt:731)[0;39m DESC_EDITOR_WIDTH widthListener.saved stored=553.0 ignore=false stage=982.0 pane=956.0 desc=553.0 table=395.0 dividerWidth=6.0 items=2 divider=0.4171907756813417
23:24:21.675 [34mINFO [0;39m [32m[JavaFX Appli][0;39m [33m                                     (Main.kt:731)[0;39m DESC_EDITOR_WIDTH widthListener.saved stored=554.0 ignore=false stage=982.0 pane=956.0 desc=554.0 table=394.0 dividerWidth=6.0 items=2 divider=0.4161425576519916
23:24:21.691 [34mINFO [0;39m [32m[JavaFX Appli][0;39m [33m                                     (Main.kt:731)[0;39m DESC_EDITOR_WIDTH widthListener.saved stored=555.0 ignore=false stage=982.0 pane=956.0 desc=555.0 table=393.0 dividerWidth=6.0 items=2 divider=0.41509433962264153
23:24:21.707 [34mINFO [0;39m [32m[JavaFX Appli][0;39m [33m                                     (Main.kt:731)[0;39m DESC_EDITOR_WIDTH widthListener.saved stored=562.0 ignore=false stage=982.0 pane=956.0 desc=562.0 table=386.0 dividerWidth=6.0 items=2 divider=0.4077568134171908
23:24:21.724 [34mINFO [0;39m [32m[JavaFX Appli][0;39m [33m                                     (Main.kt:731)[0;39m DESC_EDITOR_WIDTH widthListener.saved stored=570.0 ignore=false stage=982.0 pane=956.0 desc=570.0 table=378.0 dividerWidth=6.0 items=2 divider=0.39937106918238996
23:24:21.739 [34mINFO [0;39m [32m[JavaFX Appli][0;39m [33m                                     (Main.kt:731)[0;39m DESC_EDITOR_WIDTH widthListener.saved stored=578.0 ignore=false stage=982.0 pane=956.0 desc=578.0 table=370.0 dividerWidth=6.0 items=2 divider=0.3909853249475891
23:24:21.771 [34mINFO [0;39m [32m[JavaFX Appli][0;39m [33m                                     (Main.kt:731)[0;39m DESC_EDITOR_WIDTH widthListener.saved stored=590.0 ignore=false stage=982.0 pane=956.0 desc=590.0 table=358.0 dividerWidth=6.0 items=2 divider=0.37840670859538783
23:24:21.787 [34mINFO [0;39m [32m[JavaFX Appli][0;39m [33m                                     (Main.kt:731)[0;39m DESC_EDITOR_WIDTH widthListener.saved stored=593.0 ignore=false stage=982.0 pane=956.0 desc=593.0 table=355.0 dividerWidth=6.0 items=2 divider=0.3752620545073375
23:24:21.804 [34mINFO [0;39m [32m[JavaFX Appli][0;39m [33m                                     (Main.kt:731)[0;39m DESC_EDITOR_WIDTH widthListener.saved stored=595.0 ignore=false stage=982.0 pane=956.0 desc=595.0 table=353.0 dividerWidth=6.0 items=2 divider=0.3731656184486373
23:24:21.820 [34mINFO [0;39m [32m[JavaFX Appli][0;39m [33m                                     (Main.kt:731)[0;39m DESC_EDITOR_WIDTH widthListener.saved stored=597.0 ignore=false stage=982.0 pane=956.0 desc=597.0 table=351.0 dividerWidth=6.0 items=2 divider=0.3710691823899371
23:24:21.852 [34mINFO [0;39m [32m[JavaFX Appli][0;39m [33m                                     (Main.kt:731)[0;39m DESC_EDITOR_WIDTH widthListener.saved stored=598.0 ignore=false stage=982.0 pane=956.0 desc=598.0 table=350.0 dividerWidth=6.0 items=2 divider=0.370020964360587
23:24:21.979 [34mINFO [0;39m [32m[JavaFX Appli][0;39m [33m                                     (Main.kt:731)[0;39m DESC_EDITOR_WIDTH widthListener.saved stored=599.0 ignore=false stage=982.0 pane=956.0 desc=599.0 table=349.0 dividerWidth=6.0 items=2 divider=0.3689727463312369
23:24:22.715 [34mINFO [0;39m [32m[JavaFX Appli][0;39m [33m                                     (Main.kt:731)[0;39m DESC_EDITOR_WIDTH widthListener.saved stored=598.0 ignore=false stage=982.0 pane=956.0 desc=598.0 table=350.0 dividerWidth=6.0 items=2 divider=0.370020964360587
23:24:22.732 [34mINFO [0;39m [32m[JavaFX Appli][0;39m [33m                                     (Main.kt:731)[0;39m DESC_EDITOR_WIDTH widthListener.saved stored=597.0 ignore=false stage=982.0 pane=956.0 desc=597.0 table=351.0 dividerWidth=6.0 items=2 divider=0.3710691823899371
23:24:22.747 [34mINFO [0;39m [32m[JavaFX Appli][0;39m [33m                                     (Main.kt:731)[0;39m DESC_EDITOR_WIDTH widthListener.saved stored=596.0 ignore=false stage=982.0 pane=956.0 desc=596.0 table=352.0 dividerWidth=6.0 items=2 divider=0.3721174004192872
23:24:22.755 [34mINFO [0;39m [32m[JavaFX Appli][0;39m [33m                                     (Main.kt:731)[0;39m DESC_EDITOR_WIDTH widthListener.saved stored=595.0 ignore=false stage=982.0 pane=956.0 desc=595.0 table=353.0 dividerWidth=6.0 items=2 divider=0.3731656184486373
23:24:22.763 [34mINFO [0;39m [32m[JavaFX Appli][0;39m [33m                                     (Main.kt:731)[0;39m DESC_EDITOR_WIDTH widthListener.saved stored=594.0 ignore=false stage=982.0 pane=956.0 desc=594.0 table=354.0 dividerWidth=6.0 items=2 divider=0.3742138364779874
23:24:22.779 [34mINFO [0;39m [32m[JavaFX Appli][0;39m [33m                                     (Main.kt:731)[0;39m DESC_EDITOR_WIDTH widthListener.saved stored=593.0 ignore=false stage=982.0 pane=956.0 desc=593.0 table=355.0 dividerWidth=6.0 items=2 divider=0.3752620545073375
23:24:22.795 [34mINFO [0;39m [32m[JavaFX Appli][0;39m [33m                                     (Main.kt:731)[0;39m DESC_EDITOR_WIDTH widthListener.saved stored=592.0 ignore=false stage=982.0 pane=956.0 desc=592.0 table=356.0 dividerWidth=6.0 items=2 divider=0.37631027253668764
23:24:22.812 [34mINFO [0;39m [32m[JavaFX Appli][0;39m [33m                                     (Main.kt:731)[0;39m DESC_EDITOR_WIDTH widthListener.saved stored=591.0 ignore=false stage=982.0 pane=956.0 desc=591.0 table=357.0 dividerWidth=6.0 items=2 divider=0.37735849056603776
23:24:22.827 [34mINFO [0;39m [32m[JavaFX Appli][0;39m [33m                                     (Main.kt:731)[0;39m DESC_EDITOR_WIDTH widthListener.saved stored=590.0 ignore=false stage=982.0 pane=956.0 desc=590.0 table=358.0 dividerWidth=6.0 items=2 divider=0.37840670859538783
23:24:22.843 [34mINFO [0;39m [32m[JavaFX Appli][0;39m [33m                                     (Main.kt:731)[0;39m DESC_EDITOR_WIDTH widthListener.saved stored=589.0 ignore=false stage=982.0 pane=956.0 desc=589.0 table=359.0 dividerWidth=6.0 items=2 divider=0.37945492662473795
23:24:22.859 [34mINFO [0;39m [32m[JavaFX Appli][0;39m [33m                                     (Main.kt:731)[0;39m DESC_EDITOR_WIDTH widthListener.saved stored=588.0 ignore=false stage=982.0 pane=956.0 desc=588.0 table=360.0 dividerWidth=6.0 items=2 divider=0.3805031446540881
23:24:22.875 [34mINFO [0;39m [32m[JavaFX Appli][0;39m [33m                                     (Main.kt:731)[0;39m DESC_EDITOR_WIDTH widthListener.saved stored=586.0 ignore=false stage=982.0 pane=956.0 desc=586.0 table=362.0 dividerWidth=6.0 items=2 divider=0.38259958071278827
23:24:22.891 [34mINFO [0;39m [32m[JavaFX Appli][0;39m [33m                                     (Main.kt:731)[0;39m DESC_EDITOR_WIDTH widthListener.saved stored=585.0 ignore=false stage=982.0 pane=956.0 desc=585.0 table=363.0 dividerWidth=6.0 items=2 divider=0.3836477987421384
23:24:22.907 [34mINFO [0;39m [32m[JavaFX Appli][0;39m [33m                                     (Main.kt:731)[0;39m DESC_EDITOR_WIDTH widthListener.saved stored=584.0 ignore=false stage=982.0 pane=956.0 desc=584.0 table=364.0 dividerWidth=6.0 items=2 divider=0.38469601677148846
23:24:22.924 [34mINFO [0;39m [32m[JavaFX Appli][0;39m [33m                                     (Main.kt:731)[0;39m DESC_EDITOR_WIDTH widthListener.saved stored=578.0 ignore=false stage=982.0 pane=956.0 desc=578.0 table=370.0 dividerWidth=6.0 items=2 divider=0.3909853249475891
23:24:22.940 [34mINFO [0;39m [32m[JavaFX Appli][0;39m [33m                                     (Main.kt:731)[0;39m DESC_EDITOR_WIDTH widthListener.saved stored=574.0 ignore=false stage=982.0 pane=956.0 desc=574.0 table=374.0 dividerWidth=6.0 items=2 divider=0.3951781970649895
23:24:22.972 [34mINFO [0;39m [32m[JavaFX Appli][0;39m [33m                                     (Main.kt:731)[0;39m DESC_EDITOR_WIDTH widthListener.saved stored=565.0 ignore=false stage=982.0 pane=956.0 desc=565.0 table=383.0 dividerWidth=6.0 items=2 divider=0.40461215932914046
23:24:22.988 [34mINFO [0;39m [32m[JavaFX Appli][0;39m [33m                                     (Main.kt:731)[0;39m DESC_EDITOR_WIDTH widthListener.saved stored=560.0 ignore=false stage=982.0 pane=956.0 desc=560.0 table=388.0 dividerWidth=6.0 items=2 divider=0.40985324947589097
23:24:23.003 [34mINFO [0;39m [32m[JavaFX Appli][0;39m [33m                                     (Main.kt:731)[0;39m DESC_EDITOR_WIDTH widthListener.saved stored=554.0 ignore=false stage=982.0 pane=956.0 desc=554.0 table=394.0 dividerWidth=6.0 items=2 divider=0.4161425576519916
23:24:23.020 [34mINFO [0;39m [32m[JavaFX Appli][0;39m [33m                                     (Main.kt:731)[0;39m DESC_EDITOR_WIDTH widthListener.saved stored=547.0 ignore=false stage=982.0 pane=956.0 desc=547.0 table=401.0 dividerWidth=6.0 items=2 divider=0.42348008385744235
23:24:23.036 [34mINFO [0;39m [32m[JavaFX Appli][0;39m [33m                                     (Main.kt:731)[0;39m DESC_EDITOR_WIDTH widthListener.saved stored=539.0 ignore=false stage=982.0 pane=956.0 desc=539.0 table=409.0 dividerWidth=6.0 items=2 divider=0.43186582809224316
23:24:23.052 [34mINFO [0;39m [32m[JavaFX Appli][0;39m [33m                                     (Main.kt:731)[0;39m DESC_EDITOR_WIDTH widthListener.saved stored=528.0 ignore=false stage=982.0 pane=956.0 desc=528.0 table=420.0 dividerWidth=6.0 items=2 divider=0.44339622641509435
23:24:23.067 [34mINFO [0;39m [32m[JavaFX Appli][0;39m [33m                                     (Main.kt:731)[0;39m DESC_EDITOR_WIDTH widthListener.saved stored=516.0 ignore=false stage=982.0 pane=956.0 desc=516.0 table=432.0 dividerWidth=6.0 items=2 divider=0.4559748427672956
23:24:23.083 [34mINFO [0;39m [32m[JavaFX Appli][0;39m [33m                                     (Main.kt:731)[0;39m DESC_EDITOR_WIDTH widthListener.saved stored=505.0 ignore=false stage=982.0 pane=956.0 desc=505.0 table=443.0 dividerWidth=6.0 items=2 divider=0.46750524109014674
23:24:23.099 [34mINFO [0;39m [32m[JavaFX Appli][0;39m [33m                                     (Main.kt:731)[0;39m DESC_EDITOR_WIDTH widthListener.saved stored=494.0 ignore=false stage=982.0 pane=956.0 desc=494.0 table=454.0 dividerWidth=6.0 items=2 divider=0.4790356394129979
23:24:23.115 [34mINFO [0;39m [32m[JavaFX Appli][0;39m [33m                                     (Main.kt:731)[0;39m DESC_EDITOR_WIDTH widthListener.saved stored=484.0 ignore=false stage=982.0 pane=956.0 desc=484.0 table=464.0 dividerWidth=6.0 items=2 divider=0.48951781970649894
23:24:23.132 [34mINFO [0;39m [32m[JavaFX Appli][0;39m [33m                                     (Main.kt:731)[0;39m DESC_EDITOR_WIDTH widthListener.saved stored=471.0 ignore=false stage=982.0 pane=956.0 desc=471.0 table=477.0 dividerWidth=6.0 items=2 divider=0.5031446540880503
23:24:23.148 [34mINFO [0;39m [32m[JavaFX Appli][0;39m [33m                                     (Main.kt:731)[0;39m DESC_EDITOR_WIDTH widthListener.saved stored=465.0 ignore=false stage=982.0 pane=956.0 desc=465.0 table=483.0 dividerWidth=6.0 items=2 divider=0.5094339622641509
23:24:23.163 [34mINFO [0;39m [32m[JavaFX Appli][0;39m [33m                                     (Main.kt:731)[0;39m DESC_EDITOR_WIDTH widthListener.saved stored=459.0 ignore=false stage=982.0 pane=956.0 desc=459.0 table=489.0 dividerWidth=6.0 items=2 divider=0.5157232704402516
23:24:23.179 [34mINFO [0;39m [32m[JavaFX Appli][0;39m [33m                                     (Main.kt:731)[0;39m DESC_EDITOR_WIDTH widthListener.saved stored=453.0 ignore=false stage=982.0 pane=956.0 desc=453.0 table=495.0 dividerWidth=6.0 items=2 divider=0.5220125786163522
23:24:23.195 [34mINFO [0;39m [32m[JavaFX Appli][0;39m [33m                                     (Main.kt:731)[0;39m DESC_EDITOR_WIDTH widthListener.saved stored=448.0 ignore=false stage=982.0 pane=956.0 desc=448.0 table=500.0 dividerWidth=6.0 items=2 divider=0.5272536687631028
23:24:23.211 [34mINFO [0;39m [32m[JavaFX Appli][0;39m [33m                                     (Main.kt:731)[0;39m DESC_EDITOR_WIDTH widthListener.saved stored=442.0 ignore=false stage=982.0 pane=956.0 desc=442.0 table=506.0 dividerWidth=6.0 items=2 divider=0.5335429769392034
23:24:23.227 [34mINFO [0;39m [32m[JavaFX Appli][0;39m [33m                                     (Main.kt:731)[0;39m DESC_EDITOR_WIDTH widthListener.saved stored=437.0 ignore=false stage=982.0 pane=956.0 desc=437.0 table=511.0 dividerWidth=6.0 items=2 divider=0.5387840670859538
23:24:23.244 [34mINFO [0;39m [32m[JavaFX Appli][0;39m [33m                                     (Main.kt:731)[0;39m DESC_EDITOR_WIDTH widthListener.saved stored=431.0 ignore=false stage=982.0 pane=956.0 desc=431.0 table=517.0 dividerWidth=6.0 items=2 divider=0.5450733752620545
23:24:23.260 [34mINFO [0;39m [32m[JavaFX Appli][0;39m [33m                                     (Main.kt:731)[0;39m DESC_EDITOR_WIDTH widthListener.saved stored=425.0 ignore=false stage=982.0 pane=956.0 desc=425.0 table=523.0 dividerWidth=6.0 items=2 divider=0.5513626834381551
23:24:23.275 [34mINFO [0;39m [32m[JavaFX Appli][0;39m [33m                                     (Main.kt:731)[0;39m DESC_EDITOR_WIDTH widthListener.saved stored=419.0 ignore=false stage=982.0 pane=956.0 desc=419.0 table=529.0 dividerWidth=6.0 items=2 divider=0.5576519916142557
23:24:23.291 [34mINFO [0;39m [32m[JavaFX Appli][0;39m [33m                                     (Main.kt:731)[0;39m DESC_EDITOR_WIDTH widthListener.saved stored=413.0 ignore=false stage=982.0 pane=956.0 desc=413.0 table=535.0 dividerWidth=6.0 items=2 divider=0.5639412997903563
23:24:23.307 [34mINFO [0;39m [32m[JavaFX Appli][0;39m [33m                                     (Main.kt:731)[0;39m DESC_EDITOR_WIDTH widthListener.saved stored=409.0 ignore=false stage=982.0 pane=956.0 desc=409.0 table=539.0 dividerWidth=6.0 items=2 divider=0.5681341719077568
23:24:23.323 [34mINFO [0;39m [32m[JavaFX Appli][0;39m [33m                                     (Main.kt:731)[0;39m DESC_EDITOR_WIDTH widthListener.saved stored=402.0 ignore=false stage=982.0 pane=956.0 desc=402.0 table=546.0 dividerWidth=6.0 items=2 divider=0.5754716981132075
23:24:23.339 [34mINFO [0;39m [32m[JavaFX Appli][0;39m [33m                                     (Main.kt:731)[0;39m DESC_EDITOR_WIDTH widthListener.saved stored=399.0 ignore=false stage=982.0 pane=956.0 desc=399.0 table=549.0 dividerWidth=6.0 items=2 divider=0.5786163522012578
23:24:23.356 [34mINFO [0;39m [32m[JavaFX Appli][0;39m [33m                                     (Main.kt:731)[0;39m DESC_EDITOR_WIDTH widthListener.saved stored=398.0 ignore=false stage=982.0 pane=956.0 desc=398.0 table=550.0 dividerWidth=6.0 items=2 divider=0.5796645702306079
23:24:23.387 [34mINFO [0;39m [32m[JavaFX Appli][0;39m [33m                                     (Main.kt:731)[0;39m DESC_EDITOR_WIDTH widthListener.saved stored=395.0 ignore=false stage=982.0 pane=956.0 desc=395.0 table=553.0 dividerWidth=6.0 items=2 divider=0.5828092243186582
23:24:23.404 [34mINFO [0;39m [32m[JavaFX Appli][0;39m [33m                                     (Main.kt:731)[0;39m DESC_EDITOR_WIDTH widthListener.saved stored=393.0 ignore=false stage=982.0 pane=956.0 desc=393.0 table=555.0 dividerWidth=6.0 items=2 divider=0.5849056603773585
23:24:23.420 [34mINFO [0;39m [32m[JavaFX Appli][0;39m [33m                                     (Main.kt:731)[0;39m DESC_EDITOR_WIDTH widthListener.saved stored=391.0 ignore=false stage=982.0 pane=956.0 desc=391.0 table=557.0 dividerWidth=6.0 items=2 divider=0.5870020964360587
23:24:23.435 [34mINFO [0;39m [32m[JavaFX Appli][0;39m [33m                                     (Main.kt:731)[0;39m DESC_EDITOR_WIDTH widthListener.saved stored=390.0 ignore=false stage=982.0 pane=956.0 desc=390.0 table=558.0 dividerWidth=6.0 items=2 divider=0.5880503144654088
23:24:23.451 [34mINFO [0;39m [32m[JavaFX Appli][0;39m [33m                                     (Main.kt:731)[0;39m DESC_EDITOR_WIDTH widthListener.saved stored=387.0 ignore=false stage=982.0 pane=956.0 desc=387.0 table=561.0 dividerWidth=6.0 items=2 divider=0.5911949685534591
23:24:23.467 [34mINFO [0;39m [32m[JavaFX Appli][0;39m [33m                                     (Main.kt:731)[0;39m DESC_EDITOR_WIDTH widthListener.saved stored=385.0 ignore=false stage=982.0 pane=956.0 desc=385.0 table=563.0 dividerWidth=6.0 items=2 divider=0.5932914046121593
23:24:23.483 [34mINFO [0;39m [32m[JavaFX Appli][0;39m [33m                                     (Main.kt:731)[0;39m DESC_EDITOR_WIDTH widthListener.saved stored=384.0 ignore=false stage=982.0 pane=956.0 desc=384.0 table=564.0 dividerWidth=6.0 items=2 divider=0.5943396226415094
23:24:23.500 [34mINFO [0;39m [32m[JavaFX Appli][0;39m [33m                                     (Main.kt:731)[0;39m DESC_EDITOR_WIDTH widthListener.saved stored=382.0 ignore=false stage=982.0 pane=956.0 desc=382.0 table=566.0 dividerWidth=6.0 items=2 divider=0.5964360587002097
23:24:23.515 [34mINFO [0;39m [32m[JavaFX Appli][0;39m [33m                                     (Main.kt:731)[0;39m DESC_EDITOR_WIDTH widthListener.saved stored=380.0 ignore=false stage=982.0 pane=956.0 desc=380.0 table=568.0 dividerWidth=6.0 items=2 divider=0.5985324947589099
23:24:23.531 [34mINFO [0;39m [32m[JavaFX Appli][0;39m [33m                                     (Main.kt:731)[0;39m DESC_EDITOR_WIDTH widthListener.saved stored=378.0 ignore=false stage=982.0 pane=956.0 desc=378.0 table=570.0 dividerWidth=6.0 items=2 divider=0.60062893081761
23:24:23.580 [34mINFO [0;39m [32m[JavaFX Appli][0;39m [33m                                     (Main.kt:731)[0;39m DESC_EDITOR_WIDTH widthListener.saved stored=376.0 ignore=false stage=982.0 pane=956.0 desc=376.0 table=572.0 dividerWidth=6.0 items=2 divider=0.6027253668763103
23:24:23.595 [34mINFO [0;39m [32m[JavaFX Appli][0;39m [33m                                     (Main.kt:731)[0;39m DESC_EDITOR_WIDTH widthListener.saved stored=372.0 ignore=false stage=982.0 pane=956.0 desc=372.0 table=576.0 dividerWidth=6.0 items=2 divider=0.6069182389937107
23:24:23.611 [34mINFO [0;39m [32m[JavaFX Appli][0;39m [33m                                     (Main.kt:731)[0;39m DESC_EDITOR_WIDTH widthListener.saved stored=368.0 ignore=false stage=982.0 pane=956.0 desc=368.0 table=580.0 dividerWidth=6.0 items=2 divider=0.6111111111111112
23:24:23.627 [34mINFO [0;39m [32m[JavaFX Appli][0;39m [33m                                     (Main.kt:731)[0;39m DESC_EDITOR_WIDTH widthListener.saved stored=363.0 ignore=false stage=982.0 pane=956.0 desc=363.0 table=585.0 dividerWidth=6.0 items=2 divider=0.6163522012578616
23:24:23.643 [34mINFO [0;39m [32m[JavaFX Appli][0;39m [33m                                     (Main.kt:731)[0;39m DESC_EDITOR_WIDTH widthListener.saved stored=358.0 ignore=false stage=982.0 pane=956.0 desc=358.0 table=590.0 dividerWidth=6.0 items=2 divider=0.6215932914046122
23:24:23.660 [34mINFO [0;39m [32m[JavaFX Appli][0;39m [33m                                     (Main.kt:731)[0;39m DESC_EDITOR_WIDTH widthListener.saved stored=354.0 ignore=false stage=982.0 pane=956.0 desc=354.0 table=594.0 dividerWidth=6.0 items=2 divider=0.6257861635220126
23:24:23.676 [34mINFO [0;39m [32m[JavaFX Appli][0;39m [33m                                     (Main.kt:731)[0;39m DESC_EDITOR_WIDTH widthListener.saved stored=352.0 ignore=false stage=982.0 pane=956.0 desc=352.0 table=596.0 dividerWidth=6.0 items=2 divider=0.6278825995807128
23:24:23.679 [34mINFO [0;39m [32m[JavaFX Appli][0;39m [33m                                     (Main.kt:731)[0;39m DESC_EDITOR_WIDTH widthListener.saved stored=350.0 ignore=false stage=982.0 pane=956.0 desc=350.0 table=598.0 dividerWidth=6.0 items=2 divider=0.629979035639413
23:24:23.708 [34mINFO [0;39m [32m[JavaFX Appli][0;39m [33m                                     (Main.kt:731)[0;39m DESC_EDITOR_WIDTH widthListener.saved stored=349.0 ignore=false stage=982.0 pane=956.0 desc=349.0 table=599.0 dividerWidth=6.0 items=2 divider=0.6310272536687631
23:24:23.741 [34mINFO [0;39m [32m[JavaFX Appli][0;39m [33m                                     (Main.kt:731)[0;39m DESC_EDITOR_WIDTH widthListener.saved stored=348.0 ignore=false stage=982.0 pane=956.0 desc=348.0 table=600.0 dividerWidth=6.0 items=2 divider=0.6320754716981132
23:24:23.820 [34mINFO [0;39m [32m[JavaFX Appli][0;39m [33m                                     (Main.kt:731)[0;39m DESC_EDITOR_WIDTH widthListener.saved stored=347.0 ignore=false stage=982.0 pane=956.0 desc=347.0 table=601.0 dividerWidth=6.0 items=2 divider=0.6331236897274634
23:24:24.107 [34mINFO [0;39m [32m[JavaFX Appli][0;39m [33m                                     (Main.kt:731)[0;39m DESC_EDITOR_WIDTH widthListener.saved stored=350.0 ignore=false stage=982.0 pane=956.0 desc=350.0 table=598.0 dividerWidth=6.0 items=2 divider=0.629979035639413
23:24:24.110 [34mINFO [0;39m [32m[JavaFX Appli][0;39m [33m                                     (Main.kt:731)[0;39m DESC_EDITOR_WIDTH widthListener.saved stored=354.0 ignore=false stage=982.0 pane=956.0 desc=354.0 table=594.0 dividerWidth=6.0 items=2 divider=0.6257861635220126
23:24:24.123 [34mINFO [0;39m [32m[JavaFX Appli][0;39m [33m                                     (Main.kt:731)[0;39m DESC_EDITOR_WIDTH widthListener.saved stored=357.0 ignore=false stage=982.0 pane=956.0 desc=357.0 table=591.0 dividerWidth=6.0 items=2 divider=0.6226415094339622
23:24:24.139 [34mINFO [0;39m [32m[JavaFX Appli][0;39m [33m                                     (Main.kt:731)[0;39m DESC_EDITOR_WIDTH widthListener.saved stored=365.0 ignore=false stage=982.0 pane=956.0 desc=365.0 table=583.0 dividerWidth=6.0 items=2 divider=0.6142557651991615
23:24:24.156 [34mINFO [0;39m [32m[JavaFX Appli][0;39m [33m                                     (Main.kt:731)[0;39m DESC_EDITOR_WIDTH widthListener.saved stored=379.0 ignore=false stage=982.0 pane=956.0 desc=379.0 table=569.0 dividerWidth=6.0 items=2 divider=0.59958071278826
23:24:24.172 [34mINFO [0;39m [32m[JavaFX Appli][0;39m [33m                                     (Main.kt:731)[0;39m DESC_EDITOR_WIDTH widthListener.saved stored=386.0 ignore=false stage=982.0 pane=956.0 desc=386.0 table=562.0 dividerWidth=6.0 items=2 divider=0.5922431865828093
23:24:24.188 [34mINFO [0;39m [32m[JavaFX Appli][0;39m [33m                                     (Main.kt:731)[0;39m DESC_EDITOR_WIDTH widthListener.saved stored=392.0 ignore=false stage=982.0 pane=956.0 desc=392.0 table=556.0 dividerWidth=6.0 items=2 divider=0.5859538784067087
23:24:24.203 [34mINFO [0;39m [32m[JavaFX Appli][0;39m [33m                                     (Main.kt:731)[0;39m DESC_EDITOR_WIDTH widthListener.saved stored=398.0 ignore=false stage=982.0 pane=956.0 desc=398.0 table=550.0 dividerWidth=6.0 items=2 divider=0.5796645702306079
23:24:24.219 [34mINFO [0;39m [32m[JavaFX Appli][0;39m [33m                                     (Main.kt:731)[0;39m DESC_EDITOR_WIDTH widthListener.saved stored=405.0 ignore=false stage=982.0 pane=956.0 desc=405.0 table=543.0 dividerWidth=6.0 items=2 divider=0.5723270440251572
23:24:24.235 [34mINFO [0;39m [32m[JavaFX Appli][0;39m [33m                                     (Main.kt:731)[0;39m DESC_EDITOR_WIDTH widthListener.saved stored=416.0 ignore=false stage=982.0 pane=956.0 desc=416.0 table=532.0 dividerWidth=6.0 items=2 divider=0.560796645702306
23:24:24.252 [34mINFO [0;39m [32m[JavaFX Appli][0;39m [33m                                     (Main.kt:731)[0;39m DESC_EDITOR_WIDTH widthListener.saved stored=429.0 ignore=false stage=982.0 pane=956.0 desc=429.0 table=519.0 dividerWidth=6.0 items=2 divider=0.5471698113207547
23:24:24.267 [34mINFO [0;39m [32m[JavaFX Appli][0;39m [33m                                     (Main.kt:731)[0;39m DESC_EDITOR_WIDTH widthListener.saved stored=443.0 ignore=false stage=982.0 pane=956.0 desc=443.0 table=505.0 dividerWidth=6.0 items=2 divider=0.5324947589098532
23:24:24.283 [34mINFO [0;39m [32m[JavaFX Appli][0;39m [33m                                     (Main.kt:731)[0;39m DESC_EDITOR_WIDTH widthListener.saved stored=455.0 ignore=false stage=982.0 pane=956.0 desc=455.0 table=493.0 dividerWidth=6.0 items=2 divider=0.519916142557652
23:24:24.299 [34mINFO [0;39m [32m[JavaFX Appli][0;39m [33m                                     (Main.kt:731)[0;39m DESC_EDITOR_WIDTH widthListener.saved stored=462.0 ignore=false stage=982.0 pane=956.0 desc=462.0 table=486.0 dividerWidth=6.0 items=2 divider=0.5125786163522013
23:24:24.316 [34mINFO [0;39m [32m[JavaFX Appli][0;39m [33m                                     (Main.kt:731)[0;39m DESC_EDITOR_WIDTH widthListener.saved stored=465.0 ignore=false stage=982.0 pane=956.0 desc=465.0 table=483.0 dividerWidth=6.0 items=2 divider=0.5094339622641509
23:24:24.332 [34mINFO [0;39m [32m[JavaFX Appli][0;39m [33m                                     (Main.kt:731)[0;39m DESC_EDITOR_WIDTH widthListener.saved stored=466.0 ignore=false stage=982.0 pane=956.0 desc=466.0 table=482.0 dividerWidth=6.0 items=2 divider=0.5083857442348009
23:24:24.347 [34mINFO [0;39m [32m[JavaFX Appli][0;39m [33m                                     (Main.kt:731)[0;39m DESC_EDITOR_WIDTH widthListener.saved stored=468.0 ignore=false stage=982.0 pane=956.0 desc=468.0 table=480.0 dividerWidth=6.0 items=2 divider=0.5062893081761006
23:24:24.363 [34mINFO [0;39m [32m[JavaFX Appli][0;39m [33m                                     (Main.kt:731)[0;39m DESC_EDITOR_WIDTH widthListener.saved stored=469.0 ignore=false stage=982.0 pane=956.0 desc=469.0 table=479.0 dividerWidth=6.0 items=2 divider=0.5052410901467506
23:24:24.379 [34mINFO [0;39m [32m[JavaFX Appli][0;39m [33m                                     (Main.kt:731)[0;39m DESC_EDITOR_WIDTH widthListener.saved stored=470.0 ignore=false stage=982.0 pane=956.0 desc=470.0 table=478.0 dividerWidth=6.0 items=2 divider=0.5041928721174004
23:24:24.395 [34mINFO [0;39m [32m[JavaFX Appli][0;39m [33m                                     (Main.kt:731)[0;39m DESC_EDITOR_WIDTH widthListener.saved stored=471.0 ignore=false stage=982.0 pane=956.0 desc=471.0 table=477.0 dividerWidth=6.0 items=2 divider=0.5031446540880503
23:24:24.412 [34mINFO [0;39m [32m[JavaFX Appli][0;39m [33m                                     (Main.kt:731)[0;39m DESC_EDITOR_WIDTH widthListener.saved stored=472.0 ignore=false stage=982.0 pane=956.0 desc=472.0 table=476.0 dividerWidth=6.0 items=2 divider=0.5020964360587002
23:24:24.427 [34mINFO [0;39m [32m[JavaFX Appli][0;39m [33m                                     (Main.kt:731)[0;39m DESC_EDITOR_WIDTH widthListener.saved stored=473.0 ignore=false stage=982.0 pane=956.0 desc=473.0 table=475.0 dividerWidth=6.0 items=2 divider=0.5010482180293501
23:24:24.443 [34mINFO [0;39m [32m[JavaFX Appli][0;39m [33m                                     (Main.kt:731)[0;39m DESC_EDITOR_WIDTH widthListener.saved stored=476.0 ignore=false stage=982.0 pane=956.0 desc=476.0 table=472.0 dividerWidth=6.0 items=2 divider=0.4979035639412998
23:24:24.459 [34mINFO [0;39m [32m[JavaFX Appli][0;39m [33m                                     (Main.kt:731)[0;39m DESC_EDITOR_WIDTH widthListener.saved stored=481.0 ignore=false stage=982.0 pane=956.0 desc=481.0 table=467.0 dividerWidth=6.0 items=2 divider=0.49266247379454925
23:24:24.475 [34mINFO [0;39m [32m[JavaFX Appli][0;39m [33m                                     (Main.kt:731)[0;39m DESC_EDITOR_WIDTH widthListener.saved stored=486.0 ignore=false stage=982.0 pane=956.0 desc=486.0 table=462.0 dividerWidth=6.0 items=2 divider=0.48742138364779874
23:24:24.491 [34mINFO [0;39m [32m[JavaFX Appli][0;39m [33m                                     (Main.kt:731)[0;39m DESC_EDITOR_WIDTH widthListener.saved stored=492.0 ignore=false stage=982.0 pane=956.0 desc=492.0 table=456.0 dividerWidth=6.0 items=2 divider=0.4811320754716981
23:24:24.508 [34mINFO [0;39m [32m[JavaFX Appli][0;39m [33m                                     (Main.kt:731)[0;39m DESC_EDITOR_WIDTH widthListener.saved stored=501.0 ignore=false stage=982.0 pane=956.0 desc=501.0 table=447.0 dividerWidth=6.0 items=2 divider=0.4716981132075472
23:24:24.524 [34mINFO [0;39m [32m[JavaFX Appli][0;39m [33m                                     (Main.kt:731)[0;39m DESC_EDITOR_WIDTH widthListener.saved stored=514.0 ignore=false stage=982.0 pane=956.0 desc=514.0 table=434.0 dividerWidth=6.0 items=2 divider=0.4580712788259958
23:24:24.540 [34mINFO [0;39m [32m[JavaFX Appli][0;39m [33m                                     (Main.kt:731)[0;39m DESC_EDITOR_WIDTH widthListener.saved stored=540.0 ignore=false stage=982.0 pane=956.0 desc=540.0 table=408.0 dividerWidth=6.0 items=2 divider=0.4308176100628931
23:24:24.572 [34mINFO [0;39m [32m[JavaFX Appli][0;39m [33m                                     (Main.kt:731)[0;39m DESC_EDITOR_WIDTH widthListener.saved stored=574.0 ignore=false stage=982.0 pane=956.0 desc=574.0 table=374.0 dividerWidth=6.0 items=2 divider=0.3951781970649895
23:24:24.588 [34mINFO [0;39m [32m[JavaFX Appli][0;39m [33m                                     (Main.kt:731)[0;39m DESC_EDITOR_WIDTH widthListener.saved stored=589.0 ignore=false stage=982.0 pane=956.0 desc=589.0 table=359.0 dividerWidth=6.0 items=2 divider=0.37945492662473795
23:24:24.603 [34mINFO [0;39m [32m[JavaFX Appli][0;39m [33m                                     (Main.kt:731)[0;39m DESC_EDITOR_WIDTH widthListener.saved stored=603.0 ignore=false stage=982.0 pane=956.0 desc=603.0 table=345.0 dividerWidth=6.0 items=2 divider=0.36477987421383645
23:24:24.619 [34mINFO [0;39m [32m[JavaFX Appli][0;39m [33m                                     (Main.kt:731)[0;39m DESC_EDITOR_WIDTH widthListener.saved stored=620.0 ignore=false stage=982.0 pane=956.0 desc=620.0 table=328.0 dividerWidth=6.0 items=2 divider=0.3469601677148847
23:24:24.636 [34mINFO [0;39m [32m[JavaFX Appli][0;39m [33m                                     (Main.kt:731)[0;39m DESC_EDITOR_WIDTH widthListener.saved stored=643.0 ignore=false stage=982.0 pane=956.0 desc=643.0 table=305.0 dividerWidth=6.0 items=2 divider=0.3228511530398323
23:24:24.652 [34mINFO [0;39m [32m[JavaFX Appli][0;39m [33m                                     (Main.kt:731)[0;39m DESC_EDITOR_WIDTH widthListener.saved stored=666.0 ignore=false stage=982.0 pane=956.0 desc=666.0 table=282.0 dividerWidth=6.0 items=2 divider=0.29874213836477986
23:24:24.667 [34mINFO [0;39m [32m[JavaFX Appli][0;39m [33m                                     (Main.kt:731)[0;39m DESC_EDITOR_WIDTH widthListener.saved stored=689.0 ignore=false stage=982.0 pane=956.0 desc=689.0 table=259.0 dividerWidth=6.0 items=2 divider=0.2746331236897275
23:24:24.684 [34mINFO [0;39m [32m[JavaFX Appli][0;39m [33m                                     (Main.kt:731)[0;39m DESC_EDITOR_WIDTH widthListener.saved stored=708.0 ignore=false stage=982.0 pane=956.0 desc=708.0 table=240.0 dividerWidth=6.0 items=2 divider=0.25471698113207547
23:24:24.700 [34mINFO [0;39m [32m[JavaFX Appli][0;39m [33m                                     (Main.kt:731)[0;39m DESC_EDITOR_WIDTH widthListener.saved stored=725.0 ignore=false stage=982.0 pane=956.0 desc=725.0 table=223.0 dividerWidth=6.0 items=2 divider=0.23689727463312368
23:24:24.715 [34mINFO [0;39m [32m[JavaFX Appli][0;39m [33m                                     (Main.kt:731)[0;39m DESC_EDITOR_WIDTH widthListener.saved stored=738.0 ignore=false stage=982.0 pane=956.0 desc=738.0 table=210.0 dividerWidth=6.0 items=2 divider=0.22327044025157233
23:24:24.731 [34mINFO [0;39m [32m[JavaFX Appli][0;39m [33m                                     (Main.kt:731)[0;39m DESC_EDITOR_WIDTH widthListener.saved stored=751.0 ignore=false stage=982.0 pane=956.0 desc=751.0 table=197.0 dividerWidth=6.0 items=2 divider=0.20964360587002095
23:24:24.748 [34mINFO [0;39m [32m[JavaFX Appli][0;39m [33m                                     (Main.kt:731)[0;39m DESC_EDITOR_WIDTH widthListener.saved stored=769.0 ignore=false stage=982.0 pane=956.0 desc=769.0 table=179.0 dividerWidth=6.0 items=2 divider=0.19077568134171907
23:24:24.763 [34mINFO [0;39m [32m[JavaFX Appli][0;39m [33m                                     (Main.kt:731)[0;39m DESC_EDITOR_WIDTH widthListener.saved stored=774.0 ignore=false stage=982.0 pane=956.0 desc=774.0 table=174.0 dividerWidth=6.0 items=2 divider=0.18553459119496854
23:24:24.779 [34mINFO [0;39m [32m[JavaFX Appli][0;39m [33m                                     (Main.kt:731)[0;39m DESC_EDITOR_WIDTH widthListener.saved stored=777.0 ignore=false stage=982.0 pane=956.0 desc=777.0 table=171.0 dividerWidth=6.0 items=2 divider=0.18238993710691823
23:24:24.874 [34mINFO [0;39m [32m[JavaFX Appli][0;39m [33m                                     (Main.kt:731)[0;39m DESC_EDITOR_WIDTH widthListener.saved stored=778.0 ignore=false stage=982.0 pane=956.0 desc=778.0 table=170.0 dividerWidth=6.0 items=2 divider=0.18134171907756813
23:24:25.178 [34mINFO [0;39m [32m[JavaFX Appli][0;39m [33m                                     (Main.kt:731)[0;39m DESC_EDITOR_WIDTH widthListener.saved stored=771.0 ignore=false stage=982.0 pane=956.0 desc=771.0 table=177.0 dividerWidth=6.0 items=2 divider=0.18867924528301888
23:24:25.195 [34mINFO [0;39m [32m[JavaFX Appli][0;39m [33m                                     (Main.kt:731)[0;39m DESC_EDITOR_WIDTH widthListener.saved stored=761.0 ignore=false stage=982.0 pane=956.0 desc=761.0 table=187.0 dividerWidth=6.0 items=2 divider=0.19916142557651992
23:24:25.211 [34mINFO [0;39m [32m[JavaFX Appli][0;39m [33m                                     (Main.kt:731)[0;39m DESC_EDITOR_WIDTH widthListener.saved stored=747.0 ignore=false stage=982.0 pane=956.0 desc=747.0 table=201.0 dividerWidth=6.0 items=2 divider=0.2138364779874214
23:24:25.227 [34mINFO [0;39m [32m[JavaFX Appli][0;39m [33m                                     (Main.kt:731)[0;39m DESC_EDITOR_WIDTH widthListener.saved stored=730.0 ignore=false stage=982.0 pane=956.0 desc=730.0 table=218.0 dividerWidth=6.0 items=2 divider=0.23165618448637318
23:24:25.243 [34mINFO [0;39m [32m[JavaFX Appli][0;39m [33m                                     (Main.kt:731)[0;39m DESC_EDITOR_WIDTH widthListener.saved stored=710.0 ignore=false stage=982.0 pane=956.0 desc=710.0 table=238.0 dividerWidth=6.0 items=2 divider=0.2526205450733753
23:24:25.256 [34mINFO [0;39m [32m[JavaFX Appli][0;39m [33m                                     (Main.kt:731)[0;39m DESC_EDITOR_WIDTH widthListener.saved stored=691.0 ignore=false stage=982.0 pane=956.0 desc=691.0 table=257.0 dividerWidth=6.0 items=2 divider=0.27253668763102723
23:24:25.275 [34mINFO [0;39m [32m[JavaFX Appli][0;39m [33m                                     (Main.kt:731)[0;39m DESC_EDITOR_WIDTH widthListener.saved stored=673.0 ignore=false stage=982.0 pane=956.0 desc=673.0 table=275.0 dividerWidth=6.0 items=2 divider=0.2914046121593291
23:24:25.291 [34mINFO [0;39m [32m[JavaFX Appli][0;39m [33m                                     (Main.kt:731)[0;39m DESC_EDITOR_WIDTH widthListener.saved stored=654.0 ignore=false stage=982.0 pane=956.0 desc=654.0 table=294.0 dividerWidth=6.0 items=2 divider=0.3113207547169811
23:24:25.308 [34mINFO [0;39m [32m[JavaFX Appli][0;39m [33m                                     (Main.kt:731)[0;39m DESC_EDITOR_WIDTH widthListener.saved stored=637.0 ignore=false stage=982.0 pane=956.0 desc=637.0 table=311.0 dividerWidth=6.0 items=2 divider=0.32914046121593293
23:24:25.323 [34mINFO [0;39m [32m[JavaFX Appli][0;39m [33m                                     (Main.kt:731)[0;39m DESC_EDITOR_WIDTH widthListener.saved stored=622.0 ignore=false stage=982.0 pane=956.0 desc=622.0 table=326.0 dividerWidth=6.0 items=2 divider=0.3448637316561845
23:24:25.339 [34mINFO [0;39m [32m[JavaFX Appli][0;39m [33m                                     (Main.kt:731)[0;39m DESC_EDITOR_WIDTH widthListener.saved stored=614.0 ignore=false stage=982.0 pane=956.0 desc=614.0 table=334.0 dividerWidth=6.0 items=2 divider=0.3532494758909853
23:24:25.355 [34mINFO [0;39m [32m[JavaFX Appli][0;39m [33m                                     (Main.kt:731)[0;39m DESC_EDITOR_WIDTH widthListener.saved stored=606.0 ignore=false stage=982.0 pane=956.0 desc=606.0 table=342.0 dividerWidth=6.0 items=2 divider=0.36163522012578614
23:24:25.388 [34mINFO [0;39m [32m[JavaFX Appli][0;39m [33m                                     (Main.kt:731)[0;39m DESC_EDITOR_WIDTH widthListener.saved stored=596.0 ignore=false stage=982.0 pane=956.0 desc=596.0 table=352.0 dividerWidth=6.0 items=2 divider=0.3721174004192872
23:24:25.404 [34mINFO [0;39m [32m[JavaFX Appli][0;39m [33m                                     (Main.kt:731)[0;39m DESC_EDITOR_WIDTH widthListener.saved stored=591.0 ignore=false stage=982.0 pane=956.0 desc=591.0 table=357.0 dividerWidth=6.0 items=2 divider=0.37735849056603776
23:24:25.420 [34mINFO [0;39m [32m[JavaFX Appli][0;39m [33m                                     (Main.kt:731)[0;39m DESC_EDITOR_WIDTH widthListener.saved stored=583.0 ignore=false stage=982.0 pane=956.0 desc=583.0 table=365.0 dividerWidth=6.0 items=2 divider=0.3857442348008386
23:24:25.435 [34mINFO [0;39m [32m[JavaFX Appli][0;39m [33m                                     (Main.kt:731)[0;39m DESC_EDITOR_WIDTH widthListener.saved stored=571.0 ignore=false stage=982.0 pane=956.0 desc=571.0 table=377.0 dividerWidth=6.0 items=2 divider=0.39832285115303984
23:24:25.451 [34mINFO [0;39m [32m[JavaFX Appli][0;39m [33m                                     (Main.kt:731)[0;39m DESC_EDITOR_WIDTH widthListener.saved stored=556.0 ignore=false stage=982.0 pane=956.0 desc=556.0 table=392.0 dividerWidth=6.0 items=2 divider=0.4140461215932914
23:24:25.468 [34mINFO [0;39m [32m[JavaFX Appli][0;39m [33m                                     (Main.kt:731)[0;39m DESC_EDITOR_WIDTH widthListener.saved stored=539.0 ignore=false stage=982.0 pane=956.0 desc=539.0 table=409.0 dividerWidth=6.0 items=2 divider=0.43186582809224316
23:24:25.483 [34mINFO [0;39m [32m[JavaFX Appli][0;39m [33m                                     (Main.kt:731)[0;39m DESC_EDITOR_WIDTH widthListener.saved stored=520.0 ignore=false stage=982.0 pane=956.0 desc=520.0 table=428.0 dividerWidth=6.0 items=2 divider=0.45178197064989517
23:24:25.500 [34mINFO [0;39m [32m[JavaFX Appli][0;39m [33m                                     (Main.kt:731)[0;39m DESC_EDITOR_WIDTH widthListener.saved stored=504.0 ignore=false stage=982.0 pane=956.0 desc=504.0 table=444.0 dividerWidth=6.0 items=2 divider=0.46855345911949686
23:24:25.515 [34mINFO [0;39m [32m[JavaFX Appli][0;39m [33m                                     (Main.kt:731)[0;39m DESC_EDITOR_WIDTH widthListener.saved stored=488.0 ignore=false stage=982.0 pane=956.0 desc=488.0 table=460.0 dividerWidth=6.0 items=2 divider=0.48532494758909855
23:24:25.546 [34mINFO [0;39m [32m[JavaFX Appli][0;39m [33m                                     (Main.kt:731)[0;39m DESC_EDITOR_WIDTH widthListener.saved stored=459.0 ignore=false stage=982.0 pane=956.0 desc=459.0 table=489.0 dividerWidth=6.0 items=2 divider=0.5157232704402516
23:24:25.573 [34mINFO [0;39m [32m[JavaFX Appli][0;39m [33m                                     (Main.kt:731)[0;39m DESC_EDITOR_WIDTH widthListener.saved stored=438.0 ignore=false stage=982.0 pane=956.0 desc=438.0 table=510.0 dividerWidth=6.0 items=2 divider=0.5377358490566038
23:24:25.609 [34mINFO [0;39m [32m[JavaFX Appli][0;39m [33m                                     (Main.kt:731)[0;39m DESC_EDITOR_WIDTH widthListener.saved stored=423.0 ignore=false stage=982.0 pane=956.0 desc=423.0 table=525.0 dividerWidth=6.0 items=2 divider=0.5534591194968553
23:24:25.635 [34mINFO [0;39m [32m[JavaFX Appli][0;39m [33m                                     (Main.kt:731)[0;39m DESC_EDITOR_WIDTH widthListener.saved stored=414.0 ignore=false stage=982.0 pane=956.0 desc=414.0 table=534.0 dividerWidth=6.0 items=2 divider=0.5628930817610063
23:24:25.644 [34mINFO [0;39m [32m[JavaFX Appli][0;39m [33m                                     (Main.kt:731)[0;39m DESC_EDITOR_WIDTH widthListener.saved stored=412.0 ignore=false stage=982.0 pane=956.0 desc=412.0 table=536.0 dividerWidth=6.0 items=2 divider=0.5649895178197065
23:24:25.660 [34mINFO [0;39m [32m[JavaFX Appli][0;39m [33m                                     (Main.kt:731)[0;39m DESC_EDITOR_WIDTH widthListener.saved stored=409.0 ignore=false stage=982.0 pane=956.0 desc=409.0 table=539.0 dividerWidth=6.0 items=2 divider=0.5681341719077568
23:24:25.675 [34mINFO [0;39m [32m[JavaFX Appli][0;39m [33m                                     (Main.kt:731)[0;39m DESC_EDITOR_WIDTH widthListener.saved stored=407.0 ignore=false stage=982.0 pane=956.0 desc=407.0 table=541.0 dividerWidth=6.0 items=2 divider=0.570230607966457
23:24:25.692 [34mINFO [0;39m [32m[JavaFX Appli][0;39m [33m                                     (Main.kt:731)[0;39m DESC_EDITOR_WIDTH widthListener.saved stored=406.0 ignore=false stage=982.0 pane=956.0 desc=406.0 table=542.0 dividerWidth=6.0 items=2 divider=0.5712788259958071
23:24:25.707 [34mINFO [0;39m [32m[JavaFX Appli][0;39m [33m                                     (Main.kt:731)[0;39m DESC_EDITOR_WIDTH widthListener.saved stored=405.0 ignore=false stage=982.0 pane=956.0 desc=405.0 table=543.0 dividerWidth=6.0 items=2 divider=0.5723270440251572
23:24:25.724 [34mINFO [0;39m [32m[JavaFX Appli][0;39m [33m                                     (Main.kt:731)[0;39m DESC_EDITOR_WIDTH widthListener.saved stored=404.0 ignore=false stage=982.0 pane=956.0 desc=404.0 table=544.0 dividerWidth=6.0 items=2 divider=0.5733752620545073
23:24:25.740 [34mINFO [0;39m [32m[JavaFX Appli][0;39m [33m                                     (Main.kt:731)[0;39m DESC_EDITOR_WIDTH widthListener.saved stored=402.0 ignore=false stage=982.0 pane=956.0 desc=402.0 table=546.0 dividerWidth=6.0 items=2 divider=0.5754716981132075
23:24:25.771 [34mINFO [0;39m [32m[JavaFX Appli][0;39m [33m                                     (Main.kt:731)[0;39m DESC_EDITOR_WIDTH widthListener.saved stored=399.0 ignore=false stage=982.0 pane=956.0 desc=399.0 table=549.0 dividerWidth=6.0 items=2 divider=0.5786163522012578
23:24:25.788 [34mINFO [0;39m [32m[JavaFX Appli][0;39m [33m                                     (Main.kt:731)[0;39m DESC_EDITOR_WIDTH widthListener.saved stored=395.0 ignore=false stage=982.0 pane=956.0 desc=395.0 table=553.0 dividerWidth=6.0 items=2 divider=0.5828092243186582
23:24:25.804 [34mINFO [0;39m [32m[JavaFX Appli][0;39m [33m                                     (Main.kt:731)[0;39m DESC_EDITOR_WIDTH widthListener.saved stored=391.0 ignore=false stage=982.0 pane=956.0 desc=391.0 table=557.0 dividerWidth=6.0 items=2 divider=0.5870020964360587
23:24:25.819 [34mINFO [0;39m [32m[JavaFX Appli][0;39m [33m                                     (Main.kt:731)[0;39m DESC_EDITOR_WIDTH widthListener.saved stored=387.0 ignore=false stage=982.0 pane=956.0 desc=387.0 table=561.0 dividerWidth=6.0 items=2 divider=0.5911949685534591
23:24:25.836 [34mINFO [0;39m [32m[JavaFX Appli][0;39m [33m                                     (Main.kt:731)[0;39m DESC_EDITOR_WIDTH widthListener.saved stored=381.0 ignore=false stage=982.0 pane=956.0 desc=381.0 table=567.0 dividerWidth=6.0 items=2 divider=0.5974842767295597
23:24:25.852 [34mINFO [0;39m [32m[JavaFX Appli][0;39m [33m                                     (Main.kt:731)[0;39m DESC_EDITOR_WIDTH widthListener.saved stored=376.0 ignore=false stage=982.0 pane=956.0 desc=376.0 table=572.0 dividerWidth=6.0 items=2 divider=0.6027253668763103
23:24:25.867 [34mINFO [0;39m [32m[JavaFX Appli][0;39m [33m                                     (Main.kt:731)[0;39m DESC_EDITOR_WIDTH widthListener.saved stored=370.0 ignore=false stage=982.0 pane=956.0 desc=370.0 table=578.0 dividerWidth=6.0 items=2 divider=0.6090146750524109
23:24:25.884 [34mINFO [0;39m [32m[JavaFX Appli][0;39m [33m                                     (Main.kt:731)[0;39m DESC_EDITOR_WIDTH widthListener.saved stored=363.0 ignore=false stage=982.0 pane=956.0 desc=363.0 table=585.0 dividerWidth=6.0 items=2 divider=0.6163522012578616
23:24:25.899 [34mINFO [0;39m [32m[JavaFX Appli][0;39m [33m                                     (Main.kt:731)[0;39m DESC_EDITOR_WIDTH widthListener.saved stored=356.0 ignore=false stage=982.0 pane=956.0 desc=356.0 table=592.0 dividerWidth=6.0 items=2 divider=0.6236897274633124
23:24:25.915 [34mINFO [0;39m [32m[JavaFX Appli][0;39m [33m                                     (Main.kt:731)[0;39m DESC_EDITOR_WIDTH widthListener.saved stored=350.0 ignore=false stage=982.0 pane=956.0 desc=350.0 table=598.0 dividerWidth=6.0 items=2 divider=0.629979035639413
23:24:25.932 [34mINFO [0;39m [32m[JavaFX Appli][0;39m [33m                                     (Main.kt:731)[0;39m DESC_EDITOR_WIDTH widthListener.saved stored=344.0 ignore=false stage=982.0 pane=956.0 desc=344.0 table=604.0 dividerWidth=6.0 items=2 divider=0.6362683438155137
23:24:25.947 [34mINFO [0;39m [32m[JavaFX Appli][0;39m [33m                                     (Main.kt:731)[0;39m DESC_EDITOR_WIDTH widthListener.saved stored=339.0 ignore=false stage=982.0 pane=956.0 desc=339.0 table=609.0 dividerWidth=6.0 items=2 divider=0.6415094339622641
23:24:25.963 [34mINFO [0;39m [32m[JavaFX Appli][0;39m [33m                                     (Main.kt:731)[0;39m DESC_EDITOR_WIDTH widthListener.saved stored=330.0 ignore=false stage=982.0 pane=956.0 desc=330.0 table=618.0 dividerWidth=6.0 items=2 divider=0.6509433962264151
23:24:25.980 [34mINFO [0;39m [32m[JavaFX Appli][0;39m [33m                                     (Main.kt:731)[0;39m DESC_EDITOR_WIDTH widthListener.saved stored=325.0 ignore=false stage=982.0 pane=956.0 desc=325.0 table=623.0 dividerWidth=6.0 items=2 divider=0.6561844863731656
23:24:25.995 [34mINFO [0;39m [32m[JavaFX Appli][0;39m [33m                                     (Main.kt:731)[0;39m DESC_EDITOR_WIDTH widthListener.saved stored=323.0 ignore=false stage=982.0 pane=956.0 desc=323.0 table=625.0 dividerWidth=6.0 items=2 divider=0.6582809224318659
23:24:26.011 [34mINFO [0;39m [32m[JavaFX Appli][0;39m [33m                                     (Main.kt:731)[0;39m DESC_EDITOR_WIDTH widthListener.saved stored=317.0 ignore=false stage=982.0 pane=956.0 desc=317.0 table=631.0 dividerWidth=6.0 items=2 divider=0.6645702306079665
23:24:26.027 [34mINFO [0;39m [32m[JavaFX Appli][0;39m [33m                                     (Main.kt:731)[0;39m DESC_EDITOR_WIDTH widthListener.saved stored=314.0 ignore=false stage=982.0 pane=956.0 desc=314.0 table=634.0 dividerWidth=6.0 items=2 divider=0.6677148846960168
23:24:26.043 [34mINFO [0;39m [32m[JavaFX Appli][0;39m [33m                                     (Main.kt:731)[0;39m DESC_EDITOR_WIDTH widthListener.saved stored=312.0 ignore=false stage=982.0 pane=956.0 desc=312.0 table=636.0 dividerWidth=6.0 items=2 divider=0.6698113207547169
23:24:26.059 [34mINFO [0;39m [32m[JavaFX Appli][0;39m [33m                                     (Main.kt:731)[0;39m DESC_EDITOR_WIDTH widthListener.saved stored=308.0 ignore=false stage=982.0 pane=956.0 desc=308.0 table=640.0 dividerWidth=6.0 items=2 divider=0.6740041928721174
23:24:26.075 [34mINFO [0;39m [32m[JavaFX Appli][0;39m [33m                                     (Main.kt:731)[0;39m DESC_EDITOR_WIDTH widthListener.saved stored=305.0 ignore=false stage=982.0 pane=956.0 desc=305.0 table=643.0 dividerWidth=6.0 items=2 divider=0.6771488469601677
23:24:26.091 [34mINFO [0;39m [32m[JavaFX Appli][0;39m [33m                                     (Main.kt:731)[0;39m DESC_EDITOR_WIDTH widthListener.saved stored=301.0 ignore=false stage=982.0 pane=956.0 desc=301.0 table=647.0 dividerWidth=6.0 items=2 divider=0.6813417190775681
23:24:26.107 [34mINFO [0;39m [32m[JavaFX Appli][0;39m [33m                                     (Main.kt:731)[0;39m DESC_EDITOR_WIDTH widthListener.saved stored=300.0 ignore=false stage=982.0 pane=956.0 desc=300.0 table=648.0 dividerWidth=6.0 items=2 divider=0.6823899371069182
23:24:26.764 [34mINFO [0;39m [32m[JavaFX Appli][0;39m [33m                                     (Main.kt:731)[0;39m DESC_EDITOR_WIDTH widthListener.saved stored=302.0 ignore=false stage=982.0 pane=956.0 desc=302.0 table=646.0 dividerWidth=6.0 items=2 divider=0.6802935010482181
23:24:26.766 [34mINFO [0;39m [32m[JavaFX Appli][0;39m [33m                                     (Main.kt:731)[0;39m DESC_EDITOR_WIDTH widthListener.saved stored=316.0 ignore=false stage=982.0 pane=956.0 desc=316.0 table=632.0 dividerWidth=6.0 items=2 divider=0.6656184486373166
23:24:26.772 [34mINFO [0;39m [32m[JavaFX Appli][0;39m [33m                                     (Main.kt:731)[0;39m DESC_EDITOR_WIDTH widthListener.saved stored=331.0 ignore=false stage=982.0 pane=956.0 desc=331.0 table=617.0 dividerWidth=6.0 items=2 divider=0.649895178197065
23:24:26.779 [34mINFO [0;39m [32m[JavaFX Appli][0;39m [33m                                     (Main.kt:731)[0;39m DESC_EDITOR_WIDTH widthListener.saved stored=347.0 ignore=false stage=982.0 pane=956.0 desc=347.0 table=601.0 dividerWidth=6.0 items=2 divider=0.6331236897274634
23:24:26.795 [34mINFO [0;39m [32m[JavaFX Appli][0;39m [33m                                     (Main.kt:731)[0;39m DESC_EDITOR_WIDTH widthListener.saved stored=375.0 ignore=false stage=982.0 pane=956.0 desc=375.0 table=573.0 dividerWidth=6.0 items=2 divider=0.6037735849056604
23:24:26.812 [34mINFO [0;39m [32m[JavaFX Appli][0;39m [33m                                     (Main.kt:731)[0;39m DESC_EDITOR_WIDTH widthListener.saved stored=402.0 ignore=false stage=982.0 pane=956.0 desc=402.0 table=546.0 dividerWidth=6.0 items=2 divider=0.5754716981132075
23:24:26.827 [34mINFO [0;39m [32m[JavaFX Appli][0;39m [33m                                     (Main.kt:731)[0;39m DESC_EDITOR_WIDTH widthListener.saved stored=422.0 ignore=false stage=982.0 pane=956.0 desc=422.0 table=526.0 dividerWidth=6.0 items=2 divider=0.5545073375262054
23:24:26.843 [34mINFO [0;39m [32m[JavaFX Appli][0;39m [33m                                     (Main.kt:731)[0;39m DESC_EDITOR_WIDTH widthListener.saved stored=435.0 ignore=false stage=982.0 pane=956.0 desc=435.0 table=513.0 dividerWidth=6.0 items=2 divider=0.5408805031446541
23:24:26.859 [34mINFO [0;39m [32m[JavaFX Appli][0;39m [33m                                     (Main.kt:731)[0;39m DESC_EDITOR_WIDTH widthListener.saved stored=444.0 ignore=false stage=982.0 pane=956.0 desc=444.0 table=504.0 dividerWidth=6.0 items=2 divider=0.5314465408805031
23:24:26.875 [34mINFO [0;39m [32m[JavaFX Appli][0;39m [33m                                     (Main.kt:731)[0;39m DESC_EDITOR_WIDTH widthListener.saved stored=448.0 ignore=false stage=982.0 pane=956.0 desc=448.0 table=500.0 dividerWidth=6.0 items=2 divider=0.5272536687631028
23:24:26.892 [34mINFO [0;39m [32m[JavaFX Appli][0;39m [33m                                     (Main.kt:731)[0;39m DESC_EDITOR_WIDTH widthListener.saved stored=450.0 ignore=false stage=982.0 pane=956.0 desc=450.0 table=498.0 dividerWidth=6.0 items=2 divider=0.5251572327044025
23:24:27.180 [34mINFO [0;39m [32m[JavaFX Appli][0;39m [33m                                     (Main.kt:731)[0;39m DESC_EDITOR_WIDTH widthListener.saved stored=447.0 ignore=false stage=982.0 pane=956.0 desc=447.0 table=501.0 dividerWidth=6.0 items=2 divider=0.5283018867924528
23:24:27.196 [34mINFO [0;39m [32m[JavaFX Appli][0;39m [33m                                     (Main.kt:731)[0;39m DESC_EDITOR_WIDTH widthListener.saved stored=442.0 ignore=false stage=982.0 pane=956.0 desc=442.0 table=506.0 dividerWidth=6.0 items=2 divider=0.5335429769392034
23:24:27.212 [34mINFO [0;39m [32m[JavaFX Appli][0;39m [33m                                     (Main.kt:731)[0;39m DESC_EDITOR_WIDTH widthListener.saved stored=437.0 ignore=false stage=982.0 pane=956.0 desc=437.0 table=511.0 dividerWidth=6.0 items=2 divider=0.5387840670859538
23:24:27.228 [34mINFO [0;39m [32m[JavaFX Appli][0;39m [33m                                     (Main.kt:731)[0;39m DESC_EDITOR_WIDTH widthListener.saved stored=431.0 ignore=false stage=982.0 pane=956.0 desc=431.0 table=517.0 dividerWidth=6.0 items=2 divider=0.5450733752620545
23:24:27.243 [34mINFO [0;39m [32m[JavaFX Appli][0;39m [33m                                     (Main.kt:731)[0;39m DESC_EDITOR_WIDTH widthListener.saved stored=424.0 ignore=false stage=982.0 pane=956.0 desc=424.0 table=524.0 dividerWidth=6.0 items=2 divider=0.5524109014675053
23:24:27.259 [34mINFO [0;39m [32m[JavaFX Appli][0;39m [33m                                     (Main.kt:731)[0;39m DESC_EDITOR_WIDTH widthListener.saved stored=413.0 ignore=false stage=982.0 pane=956.0 desc=413.0 table=535.0 dividerWidth=6.0 items=2 divider=0.5639412997903563
23:24:27.275 [34mINFO [0;39m [32m[JavaFX Appli][0;39m [33m                                     (Main.kt:731)[0;39m DESC_EDITOR_WIDTH widthListener.saved stored=402.0 ignore=false stage=982.0 pane=956.0 desc=402.0 table=546.0 dividerWidth=6.0 items=2 divider=0.5754716981132075
23:24:27.280 [34mINFO [0;39m [32m[JavaFX Appli][0;39m [33m                                     (Main.kt:731)[0;39m DESC_EDITOR_WIDTH widthListener.saved stored=396.0 ignore=false stage=982.0 pane=956.0 desc=396.0 table=552.0 dividerWidth=6.0 items=2 divider=0.5817610062893082
23:24:27.289 [34mINFO [0;39m [32m[JavaFX Appli][0;39m [33m                                     (Main.kt:731)[0;39m DESC_EDITOR_WIDTH widthListener.saved stored=392.0 ignore=false stage=982.0 pane=956.0 desc=392.0 table=556.0 dividerWidth=6.0 items=2 divider=0.5859538784067087
23:24:27.306 [34mINFO [0;39m [32m[JavaFX Appli][0;39m [33m                                     (Main.kt:731)[0;39m DESC_EDITOR_WIDTH widthListener.saved stored=385.0 ignore=false stage=982.0 pane=956.0 desc=385.0 table=563.0 dividerWidth=6.0 items=2 divider=0.5932914046121593
23:24:27.323 [34mINFO [0;39m [32m[JavaFX Appli][0;39m [33m                                     (Main.kt:731)[0;39m DESC_EDITOR_WIDTH widthListener.saved stored=381.0 ignore=false stage=982.0 pane=956.0 desc=381.0 table=567.0 dividerWidth=6.0 items=2 divider=0.5974842767295597
23:24:27.339 [34mINFO [0;39m [32m[JavaFX Appli][0;39m [33m                                     (Main.kt:731)[0;39m DESC_EDITOR_WIDTH widthListener.saved stored=380.0 ignore=false stage=982.0 pane=956.0 desc=380.0 table=568.0 dividerWidth=6.0 items=2 divider=0.5985324947589099
23:24:27.355 [34mINFO [0;39m [32m[JavaFX Appli][0;39m [33m                                     (Main.kt:731)[0;39m DESC_EDITOR_WIDTH widthListener.saved stored=379.0 ignore=false stage=982.0 pane=956.0 desc=379.0 table=569.0 dividerWidth=6.0 items=2 divider=0.59958071278826
23:24:27.611 [34mINFO [0;39m [32m[JavaFX Appli][0;39m [33m                                     (Main.kt:731)[0;39m DESC_EDITOR_WIDTH widthListener.saved stored=380.0 ignore=false stage=982.0 pane=956.0 desc=380.0 table=568.0 dividerWidth=6.0 items=2 divider=0.5985324947589099
23:24:27.627 [34mINFO [0;39m [32m[JavaFX Appli][0;39m [33m                                     (Main.kt:731)[0;39m DESC_EDITOR_WIDTH widthListener.saved stored=386.0 ignore=false stage=982.0 pane=956.0 desc=386.0 table=562.0 dividerWidth=6.0 items=2 divider=0.5922431865828093
23:24:27.644 [34mINFO [0;39m [32m[JavaFX Appli][0;39m [33m                                     (Main.kt:731)[0;39m DESC_EDITOR_WIDTH widthListener.saved stored=401.0 ignore=false stage=982.0 pane=956.0 desc=401.0 table=547.0 dividerWidth=6.0 items=2 divider=0.5765199161425576
23:24:27.660 [34mINFO [0;39m [32m[JavaFX Appli][0;39m [33m                                     (Main.kt:731)[0;39m DESC_EDITOR_WIDTH widthListener.saved stored=425.0 ignore=false stage=982.0 pane=956.0 desc=425.0 table=523.0 dividerWidth=6.0 items=2 divider=0.5513626834381551
23:24:27.675 [34mINFO [0;39m [32m[JavaFX Appli][0;39m [33m                                     (Main.kt:731)[0;39m DESC_EDITOR_WIDTH widthListener.saved stored=452.0 ignore=false stage=982.0 pane=956.0 desc=452.0 table=496.0 dividerWidth=6.0 items=2 divider=0.5230607966457023
23:24:27.691 [34mINFO [0;39m [32m[JavaFX Appli][0;39m [33m                                     (Main.kt:731)[0;39m DESC_EDITOR_WIDTH widthListener.saved stored=478.0 ignore=false stage=982.0 pane=956.0 desc=478.0 table=470.0 dividerWidth=6.0 items=2 divider=0.49580712788259956
23:24:27.707 [34mINFO [0;39m [32m[JavaFX Appli][0;39m [33m                                     (Main.kt:731)[0;39m DESC_EDITOR_WIDTH widthListener.saved stored=491.0 ignore=false stage=982.0 pane=956.0 desc=491.0 table=457.0 dividerWidth=6.0 items=2 divider=0.48218029350104824
23:24:27.724 [34mINFO [0;39m [32m[JavaFX Appli][0;39m [33m                                     (Main.kt:731)[0;39m DESC_EDITOR_WIDTH widthListener.saved stored=494.0 ignore=false stage=982.0 pane=956.0 desc=494.0 table=454.0 dividerWidth=6.0 items=2 divider=0.4790356394129979
23:24:27.740 [34mINFO [0;39m [32m[JavaFX Appli][0;39m [33m                                     (Main.kt:731)[0;39m DESC_EDITOR_WIDTH widthListener.saved stored=495.0 ignore=false stage=982.0 pane=956.0 desc=495.0 table=453.0 dividerWidth=6.0 items=2 divider=0.4779874213836478
23:24:28.236 [34mINFO [0;39m [32m[JavaFX Appli][0;39m [33m                                     (Main.kt:731)[0;39m DESC_EDITOR_WIDTH widthListener.saved stored=493.0 ignore=false stage=982.0 pane=956.0 desc=493.0 table=455.0 dividerWidth=6.0 items=2 divider=0.480083857442348
23:24:28.252 [34mINFO [0;39m [32m[JavaFX Appli][0;39m [33m                                     (Main.kt:731)[0;39m DESC_EDITOR_WIDTH widthListener.saved stored=489.0 ignore=false stage=982.0 pane=956.0 desc=489.0 table=459.0 dividerWidth=6.0 items=2 divider=0.48427672955974843
23:24:28.267 [34mINFO [0;39m [32m[JavaFX Appli][0;39m [33m                                     (Main.kt:731)[0;39m DESC_EDITOR_WIDTH widthListener.saved stored=486.0 ignore=false stage=982.0 pane=956.0 desc=486.0 table=462.0 dividerWidth=6.0 items=2 divider=0.48742138364779874
23:24:28.284 [34mINFO [0;39m [32m[JavaFX Appli][0;39m [33m                                     (Main.kt:731)[0;39m DESC_EDITOR_WIDTH widthListener.saved stored=481.0 ignore=false stage=982.0 pane=956.0 desc=481.0 table=467.0 dividerWidth=6.0 items=2 divider=0.49266247379454925
23:24:28.288 [34mINFO [0;39m [32m[JavaFX Appli][0;39m [33m                                     (Main.kt:731)[0;39m DESC_EDITOR_WIDTH widthListener.saved stored=478.0 ignore=false stage=982.0 pane=956.0 desc=478.0 table=470.0 dividerWidth=6.0 items=2 divider=0.49580712788259956
23:24:28.300 [34mINFO [0;39m [32m[JavaFX Appli][0;39m [33m                                     (Main.kt:731)[0;39m DESC_EDITOR_WIDTH widthListener.saved stored=475.0 ignore=false stage=982.0 pane=956.0 desc=475.0 table=473.0 dividerWidth=6.0 items=2 divider=0.4989517819706499
23:24:28.315 [34mINFO [0;39m [32m[JavaFX Appli][0;39m [33m                                     (Main.kt:731)[0;39m DESC_EDITOR_WIDTH widthListener.saved stored=469.0 ignore=false stage=982.0 pane=956.0 desc=469.0 table=479.0 dividerWidth=6.0 items=2 divider=0.5052410901467506
23:24:28.331 [34mINFO [0;39m [32m[JavaFX Appli][0;39m [33m                                     (Main.kt:731)[0;39m DESC_EDITOR_WIDTH widthListener.saved stored=464.0 ignore=false stage=982.0 pane=956.0 desc=464.0 table=484.0 dividerWidth=6.0 items=2 divider=0.510482180293501
23:24:28.348 [34mINFO [0;39m [32m[JavaFX Appli][0;39m [33m                                     (Main.kt:731)[0;39m DESC_EDITOR_WIDTH widthListener.saved stored=461.0 ignore=false stage=982.0 pane=956.0 desc=461.0 table=487.0 dividerWidth=6.0 items=2 divider=0.5136268343815513
23:24:28.363 [34mINFO [0;39m [32m[JavaFX Appli][0;39m [33m                                     (Main.kt:731)[0;39m DESC_EDITOR_WIDTH widthListener.saved stored=460.0 ignore=false stage=982.0 pane=956.0 desc=460.0 table=488.0 dividerWidth=6.0 items=2 divider=0.5146750524109015
23:24:50.199 [39mDEBUG[0;39m [32m[tornadofx-th][0;39m [33m                             (LinkExecutor.kt:249)[0;39m - command: java -jar d:\app\emulator\ZZ_Study\run\gamedir-remaker-1.0-SNAPSHOT.jar -d "G:\work\_tmp\Star Ocean the Second Story R v1.10 (ko)"
23:24:50.935 [39mDEBUG[0;39m [32m[tornadofx-th][0;39m [33m                             (LinkExecutor.kt:249)[0;39m - command: java -jar d:\app\emulator\ZZ_Study\run\gamedir-remaker-1.0-SNAPSHOT.jar -d "G:\work\_tmp\The Hundred Line Last Defense Academy v1.1.0 (T-ko)"
